time,temperature_2m_max,temperature_2m_min,temperature_2m_mean,rain_sum
2022-01-01,0.9,-8.8,-3.9,0.0
2022-01-02,3.2,0.1,1.9,6.9
2022-01-03,2.6,-0.6,1.4,5.6
2022-01-04,2.3,-0.6,0.6,3.5
2022-01-05,0.1,-2.8,-1.5,0.1
2022-01-06,4.3,-2.4,0.3,19.7
2022-01-07,4.4,0.1,2.5,11.2
2022-01-08,2.5,-2.4,0.1,2.4
2022-01-09,6.8,0.5,2.7,0.0
2022-01-10,6.8,-0.1,3.6,5.4
2022-01-11,9.4,6.4,7.6,30.0
2022-01-12,10.1,7.9,8.7,30.4
2022-01-13,11.1,4.7,8.2,0.0
2022-01-14,9.0,4.7,6.7,0.0
2022-01-15,6.7,4.8,5.6,0.0
2022-01-16,7.1,4.6,5.4,0.0
2022-01-17,6.7,3.9,5.3,0.4
2022-01-18,7.1,5.1,6.0,0.0
2022-01-19,8.6,6.0,7.0,3.0
2022-01-20,10.1,5.4,7.4,21.8
2022-01-21,6.9,2.2,4.5,0.0
2022-01-22,6.1,2.2,3.8,0.0
2022-01-23,3.6,1.0,2.4,0.0
2022-01-24,3.5,1.4,2.5,0.0
2022-01-25,3.1,0.5,1.9,0.0
2022-01-26,3.5,1.1,2.0,0.0
2022-01-27,4.1,0.3,1.6,0.0
2022-01-28,7.2,-1.4,1.7,0.0
2022-01-29,6.9,0.3,3.0,4.7
2022-01-30,6.7,3.7,5.1,20.8
2022-01-31,6.4,2.2,3.9,0.0
2022-02-01,5.4,0.0,2.5,0.0
2022-02-02,1.1,-1.3,0.1,0.0
2022-02-03,4.9,1.4,3.2,1.1
2022-02-04,6.9,4.4,5.6,13.4
2022-02-05,7.6,3.8,5.8,0.0
2022-02-06,7.6,0.8,3.7,0.0
2022-02-07,11.5,3.7,7.0,0.4
2022-02-08,7.6,3.2,5.5,4.1
2022-02-09,8.2,5.3,6.5,1.1
2022-02-10,7.0,4.4,6.0,0.0
2022-02-11,8.4,2.6,5.0,0.0
2022-02-12,8.6,0.3,3.8,0.0
2022-02-13,10.5,-0.1,4.6,0.0
2022-02-14,8.1,4.0,6.0,1.8
2022-02-15,8.1,4.1,5.8,0.0
2022-02-16,7.8,2.6,4.9,0.0
2022-02-17,8.7,2.6,5.9,0.0
2022-02-18,8.6,4.5,6.4,0.0
2022-02-19,7.6,3.7,5.4,0.0
2022-02-20,7.2,2.2,4.5,0.0
2022-02-21,7.0,-0.1,2.9,0.0
2022-02-22,2.1,-3.1,-0.7,0.0
2022-02-23,1.1,-5.7,-1.9,0.0
2022-02-24,3.9,-4.0,-0.6,0.0
2022-02-25,5.3,-4.5,-0.0,0.0
2022-02-26,8.0,-1.9,2.6,8.2
2022-02-27,10.3,5.2,7.5,26.5
2022-02-28,8.8,6.5,7.4,16.7
2022-03-01,12.2,6.9,9.0,29.1
2022-03-02,11.0,6.0,8.5,1.5
2022-03-03,9.0,4.9,6.8,0.0
2022-03-04,8.8,3.8,6.0,0.0
2022-03-05,9.0,2.5,5.3,0.0
2022-03-06,9.6,1.3,5.1,0.0
2022-03-07,8.7,2.7,5.7,0.0
2022-03-08,10.0,4.5,6.8,0.0
2022-03-09,7.4,0.3,3.9,0.0
2022-03-10,7.0,-2.0,2.3,0.0
2022-03-11,4.9,2.2,3.1,3.4
2022-03-12,10.1,2.7,5.6,6.4
2022-03-13,10.0,5.0,7.2,5.0
2022-03-14,7.5,5.6,6.6,26.7
2022-03-15,9.8,5.5,7.2,1.1
2022-03-16,10.4,2.0,6.2,0.0
2022-03-17,6.1,5.1,5.5,6.8
2022-03-18,9.2,4.9,6.7,0.0
2022-03-19,9.4,4.3,6.9,2.5
2022-03-20,6.3,1.7,4.2,6.2
2022-03-21,8.3,4.1,5.9,11.2
2022-03-22,11.6,6.8,8.7,5.3
2022-03-23,11.2,6.3,9.7,3.6
2022-03-24,10.2,2.1,6.1,0.0
2022-03-25,12.3,3.9,7.7,0.0
2022-03-26,11.4,6.7,8.7,5.1
2022-03-27,12.8,8.0,9.6,0.5
2022-03-28,11.4,7.7,9.2,0.0
2022-03-29,13.7,5.7,9.5,0.0
2022-03-30,11.2,6.1,8.7,0.0
2022-03-31,10.3,3.8,7.1,0.0
2022-04-01,9.1,3.9,6.6,0.4
2022-04-02,10.8,4.5,7.4,0.0
2022-04-03,8.5,5.9,7.0,17.1
2022-04-04,7.5,5.1,6.4,11.9
2022-04-05,10.1,4.6,6.9,0.0
2022-04-06,11.5,1.4,6.7,0.0
2022-04-07,14.7,5.6,10.3,0.0
2022-04-08,11.0,5.9,9.1,1.4
2022-04-09,9.4,3.9,6.5,0.0
2022-04-10,7.5,3.1,5.2,0.1
2022-04-11,12.7,1.1,6.8,0.0
2022-04-12,5.9,2.4,4.3,0.0
2022-04-13,9.1,1.0,5.0,0.0
2022-04-14,11.5,0.6,6.2,0.0
2022-04-15,9.0,1.9,4.7,0.4
2022-04-16,10.8,0.8,5.7,0.0
2022-04-17,13.0,2.6,7.3,0.0
2022-04-18,8.4,5.1,7.1,8.7
2022-04-19,10.3,4.2,6.9,0.0
2022-04-20,14.0,1.5,7.5,0.4
2022-04-21,11.8,5.1,7.7,1.5
2022-04-22,13.0,4.4,8.9,0.0
2022-04-23,15.4,3.3,9.6,0.0
2022-04-24,18.2,5.4,11.2,0.8
2022-04-25,11.8,7.2,9.7,2.2
2022-04-26,10.7,3.5,7.4,0.0
2022-04-27,11.5,2.7,7.1,0.0
2022-04-28,13.0,3.3,8.0,0.0
2022-04-29,14.1,4.4,9.3,0.0
2022-04-30,12.8,7.7,9.9,2.2
2022-05-01,14.9,4.9,10.4,0.0
2022-05-02,13.0,9.2,10.7,1.5
2022-05-03,12.2,7.9,9.7,1.2
2022-05-04,13.1,7.1,9.7,0.7
2022-05-05,9.8,7.6,8.5,9.7
2022-05-06,12.9,5.2,8.9,0.0
2022-05-07,13.3,3.3,8.6,0.0
2022-05-08,11.5,4.6,8.1,0.0
2022-05-09,13.1,5.9,9.2,0.0
2022-05-10,14.4,6.1,9.8,0.0
2022-05-11,14.0,6.3,9.8,0.0
2022-05-12,9.2,6.4,8.0,8.1
2022-05-13,12.0,4.1,8.5,1.4
2022-05-14,13.7,6.7,9.5,0.0
2022-05-15,12.8,9.4,11.0,27.6
2022-05-16,14.6,8.7,12.1,0.0
2022-05-17,13.9,6.2,10.2,0.0
2022-05-18,13.3,7.6,9.9,9.7
2022-05-19,13.6,6.6,9.9,0.0
2022-05-20,17.1,5.2,11.1,0.0
2022-05-21,19.1,6.8,13.0,0.0
2022-05-22,20.5,7.4,14.3,0.0
2022-05-23,17.9,11.3,14.4,0.0
2022-05-24,15.9,9.1,12.5,0.0
2022-05-25,18.6,10.6,13.6,0.8
2022-05-26,17.0,9.5,13.3,10.8
2022-05-27,16.0,9.7,12.8,24.2
2022-05-28,14.7,7.3,11.5,0.0
2022-05-29,16.4,9.7,12.7,0.0
2022-05-30,13.4,9.3,11.4,0.0
2022-05-31,17.9,10.8,14.3,0.0
2022-06-01,20.4,10.8,15.8,0.0
2022-06-02,21.6,13.2,17.4,0.0
2022-06-03,16.4,13.3,14.8,47.2
2022-06-04,20.1,11.7,15.2,0.0
2022-06-05,17.8,12.1,14.8,1.9
2022-06-06,17.0,9.5,13.3,0.0
2022-06-07,19.3,8.6,14.6,0.7
2022-06-08,20.0,12.7,15.9,0.0
2022-06-09,14.1,11.9,12.5,11.2
2022-06-10,20.0,12.6,15.8,2.9
2022-06-11,20.1,12.1,15.6,0.0
2022-06-12,17.0,11.1,14.2,0.0
2022-06-13,18.3,11.1,14.3,0.0
2022-06-14,18.7,10.5,14.3,0.0
2022-06-15,16.5,10.6,13.4,0.0
2022-06-16,17.6,11.1,13.9,0.7
2022-06-17,20.2,9.7,14.9,0.0
2022-06-18,17.4,11.6,13.9,2.6
2022-06-19,16.9,11.4,13.9,0.0
2022-06-20,19.5,10.4,15.0,0.0
2022-06-21,18.6,12.1,15.2,0.0
2022-06-22,20.3,13.2,16.3,0.0
2022-06-23,19.5,10.4,15.0,0.0
2022-06-24,23.0,9.5,16.7,0.0
2022-06-25,27.5,13.4,20.9,0.0
2022-06-26,28.2,16.4,22.0,0.0
2022-06-27,28.6,16.3,22.7,0.0
2022-06-28,21.1,14.2,17.3,0.0
2022-06-29,19.3,13.5,16.1,0.0
2022-06-30,22.2,12.2,17.4,0.0
2022-07-01,24.4,13.0,19.3,0.0
2022-07-02,22.8,13.1,18.1,0.0
2022-07-03,15.2,12.7,13.9,1.6
2022-07-04,17.3,12.5,14.2,1.1
2022-07-05,21.6,12.3,17.0,0.0
2022-07-06,22.7,15.8,18.2,0.0
2022-07-07,22.2,15.2,18.0,34.9
2022-07-08,22.3,15.3,18.1,0.0
2022-07-09,21.6,13.5,17.5,0.0
2022-07-10,23.1,14.5,18.3,0.0
2022-07-11,27.4,13.6,20.1,0.0
2022-07-12,25.9,15.4,20.6,0.0
2022-07-13,23.0,14.6,18.9,0.0
2022-07-14,26.9,12.8,19.6,0.0
2022-07-15,20.9,15.6,18.1,0.4
2022-07-16,20.4,15.0,17.3,0.0
2022-07-17,17.8,13.0,15.4,0.0
2022-07-18,19.8,13.9,16.3,0.4
2022-07-19,23.9,12.5,18.4,0.0
2022-07-20,25.6,14.5,20.4,0.0
2022-07-21,25.9,15.7,20.9,0.0
2022-07-22,22.4,14.8,18.1,0.0
2022-07-23,22.4,12.6,17.7,0.0
2022-07-24,23.8,13.8,19.2,0.0
2022-07-25,26.1,16.2,21.2,0.0
2022-07-26,32.4,17.2,24.1,0.0
2022-07-27,32.5,19.7,25.8,0.0
2022-07-28,30.9,19.2,24.7,0.0
2022-07-29,31.3,19.3,25.1,0.0
2022-07-30,29.7,18.7,24.0,0.0
2022-07-31,29.3,18.7,23.6,0.0
2022-08-01,25.8,17.5,21.6,0.0
2022-08-02,23.4,17.0,19.6,0.0
2022-08-03,21.5,15.1,17.9,0.4
2022-08-04,20.4,14.8,17.2,0.0
2022-08-05,22.5,12.6,17.7,0.0
2022-08-06,24.5,14.0,19.5,0.0
2022-08-07,25.5,14.8,20.3,0.0
2022-08-08,26.0,15.3,20.7,0.0
2022-08-09,26.3,16.6,21.2,0.0
2022-08-10,22.2,17.4,19.4,0.0
2022-08-11,23.6,16.1,20.0,0.0
2022-08-12,24.5,14.2,19.5,0.0
2022-08-13,23.2,15.5,18.7,0.0
2022-08-14,25.2,13.6,19.1,0.0
2022-08-15,26.8,14.3,20.5,0.0
2022-08-16,25.6,16.3,21.3,0.0
2022-08-17,27.8,16.3,21.7,0.0
2022-08-18,28.1,16.9,22.7,0.0
2022-08-19,25.4,19.1,22.2,0.0
2022-08-20,26.1,17.6,21.3,0.0
2022-08-21,24.8,18.4,20.6,0.0
2022-08-22,25.4,16.1,20.5,0.0
2022-08-23,24.6,15.0,20.0,0.0
2022-08-24,28.2,16.6,22.3,0.0
2022-08-25,28.3,18.5,23.3,0.0
2022-08-26,19.3,16.1,17.8,0.0
2022-08-27,21.2,14.9,17.5,0.0
2022-08-28,23.2,12.9,17.8,0.0
2022-08-29,25.9,15.0,20.0,0.0
2022-08-30,28.1,15.3,21.5,0.0
2022-08-31,29.3,16.9,22.4,0.0
2022-09-01,26.1,16.5,20.6,0.0
2022-09-02,26.7,14.9,20.8,0.0
2022-09-03,23.0,14.0,18.2,0.0
2022-09-04,18.5,15.1,16.6,3.6
2022-09-05,20.8,12.0,16.3,0.0
2022-09-06,22.7,11.0,17.0,0.0
2022-09-07,22.3,11.8,17.1,0.0
2022-09-08,20.6,11.2,16.0,0.0
2022-09-09,22.4,12.3,16.6,0.0
2022-09-10,26.3,12.4,18.4,0.0
2022-09-11,28.0,13.8,19.6,0.0
2022-09-12,23.2,15.4,18.3,0.0
2022-09-13,20.3,12.9,16.5,0.0
2022-09-14,21.1,13.1,16.7,0.0
2022-09-15,16.3,13.5,15.0,0.0
2022-09-16,19.1,11.5,14.5,0.0
2022-09-17,17.7,9.7,13.6,0.0
2022-09-18,21.3,10.3,15.1,0.0
2022-09-19,21.0,8.5,14.3,0.0
2022-09-20,23.1,12.5,16.8,0.0
2022-09-21,22.7,10.0,15.7,0.0
2022-09-22,21.0,9.1,14.6,0.0
2022-09-23,16.0,12.9,14.4,0.0
2022-09-24,20.1,12.1,15.6,0.0
2022-09-25,22.8,11.1,16.4,0.0
2022-09-26,24.5,11.9,16.8,0.0
2022-09-27,24.3,11.3,17.3,0.0
2022-09-28,20.0,13.8,16.3,0.7
2022-09-29,19.6,13.1,15.6,0.0
2022-09-30,19.4,10.7,14.4,0.0
2022-10-01,21.7,10.6,15.3,0.0
2022-10-02,22.2,10.4,15.7,0.0
2022-10-03,22.4,10.3,15.7,0.0
2022-10-04,20.2,10.2,14.5,0.0
2022-10-05,18.4,11.6,14.4,0.0
2022-10-06,22.1,9.6,14.9,0.0
2022-10-07,20.8,10.6,15.6,0.0
2022-10-08,20.8,10.7,14.8,0.0
2022-10-09,20.1,9.8,14.2,0.0
2022-10-10,19.0,9.8,13.9,0.0
2022-10-11,16.0,8.1,11.8,0.0
2022-10-12,17.5,7.2,11.6,0.0
2022-10-13,19.2,7.9,12.7,0.0
2022-10-14,18.3,7.9,12.7,0.0
2022-10-15,18.9,8.4,12.9,0.0
2022-10-16,19.8,8.3,13.6,0.0
2022-10-17,17.0,9.0,12.6,0.0
2022-10-18,16.7,8.0,11.9,0.0
2022-10-19,16.6,7.2,11.3,0.0
2022-10-20,16.9,8.9,12.2,0.0
2022-10-21,11.8,7.2,9.5,0.8
2022-10-22,11.5,5.9,8.3,0.0
2022-10-23,10.8,4.1,7.7,0.7
2022-10-24,11.0,6.7,8.4,24.8
2022-10-25,8.8,6.2,7.7,25.6
2022-10-26,9.4,4.6,7.3,5.5
2022-10-27,11.3,7.4,9.6,29.6
2022-10-28,13.0,8.0,10.1,9.4
2022-10-29,11.8,7.7,9.6,0.0
2022-10-30,10.1,9.3,9.7,48.4
2022-10-31,11.0,5.4,8.9,3.5
2022-11-01,9.3,2.9,5.5,0.0
2022-11-02,8.7,2.8,4.9,0.0
2022-11-03,4.7,1.7,3.1,21.0
2022-11-04,8.5,3.5,5.8,20.7
2022-11-05,7.9,2.9,5.6,0.0
2022-11-06,4.1,1.3,2.8,14.1
2022-11-07,4.4,0.8,2.8,0.0
2022-11-08,5.3,-1.1,1.7,0.2
2022-11-09,5.5,-3.1,0.7,0.0
2022-11-10,5.1,0.7,2.8,0.0
2022-11-11,6.4,1.4,3.4,0.0
2022-11-12,7.0,0.0,3.3,0.0
2022-11-13,8.0,1.2,4.2,0.0
2022-11-14,8.0,-0.7,2.8,0.0
2022-11-15,6.2,-0.4,2.2,0.0
2022-11-16,4.9,1.8,3.2,0.0
2022-11-17,10.2,1.7,4.9,0.0
2022-11-18,6.6,-1.1,1.8,0.0
2022-11-19,2.9,-3.6,-0.1,0.0
2022-11-20,3.6,-2.7,0.9,0.4
2022-11-21,8.1,1.7,4.7,0.4
2022-11-22,7.2,4.3,6.6,15.5
2022-11-23,8.5,4.0,5.9,0.0
2022-11-24,12.6,3.8,7.1,0.0
2022-11-25,8.6,2.8,7.0,19.5
2022-11-26,7.2,1.1,4.5,4.7
2022-11-27,7.3,2.3,4.4,2.2
2022-11-28,3.5,-2.5,0.4,0.0
2022-11-29,0.0,-3.7,-1.8,6.5
2022-11-30,2.8,-3.4,0.5,6.9
2022-12-01,-1.4,-6.6,-3.8,0.0
2022-12-02,0.9,-7.2,-2.8,0.0
2022-12-03,2.2,-3.1,-0.6,0.0
2022-12-04,1.0,-6.1,-2.3,0.0
2022-12-05,1.0,-3.9,-1.3,0.0
2022-12-06,2.8,0.1,1.0,0.0
2022-12-07,4.7,1.8,3.0,1.6
2022-12-08,5.1,0.7,3.4,5.3
2022-12-09,3.8,1.0,2.5,2.9
2022-12-10,6.6,3.3,5.1,12.8
2022-12-11,7.2,4.4,5.5,0.7
2022-12-12,5.7,0.9,3.2,0.0
2022-12-13,3.4,0.0,2.0,0.0
2022-12-14,5.5,-1.1,2.0,0.0
2022-12-15,3.7,-1.8,-0.0,0.0
2022-12-16,3.2,-1.6,1.0,0.0
2022-12-17,2.9,1.1,1.8,0.0
2022-12-18,1.7,-8.4,-2.6,2.5
2022-12-19,-6.5,-10.5,-8.2,0.0
2022-12-20,-6.6,-8.6,-7.7,3.6
2022-12-21,-7.0,-13.1,-9.5,0.0
2022-12-22,-6.7,-13.1,-9.7,0.0
2022-12-23,0.8,-8.6,-3.5,8.5
2022-12-24,4.8,1.4,3.6,38.1
2022-12-25,5.9,2.3,4.0,19.3
2022-12-26,11.1,5.4,9.1,23.6
2022-12-27,9.8,6.5,8.1,19.0
2022-12-28,7.9,3.9,5.5,0.4
2022-12-29,6.8,3.1,4.9,0.0
2022-12-30,8.8,5.0,6.8,17.2
2022-12-31,8.7,3.2,6.4,0.0
2023-01-01,6.7,2.2,4.8,0.0
2023-01-02,5.7,-0.0,1.8,0.0
2023-01-03,5.3,0.7,2.9,0.0
2023-01-04,7.0,2.6,4.7,0.0
2023-01-05,10.1,6.2,8.1,1.1
2023-01-06,9.7,6.3,8.3,3.6
2023-01-07,8.3,6.9,7.5,3.0
2023-01-08,7.4,4.0,6.2,5.7
2023-01-09,8.5,5.1,7.0,5.4
2023-01-10,10.8,4.6,7.3,2.6
2023-01-11,10.4,1.2,6.1,0.0
2023-01-12,10.3,7.2,8.9,25.0
2023-01-13,11.1,9.7,10.2,10.2
2023-01-14,13.2,6.4,9.2,0.4
2023-01-15,9.0,5.4,7.0,3.6
2023-01-16,7.2,5.8,6.4,24.6
2023-01-17,6.9,5.9,6.4,7.7
2023-01-18,8.0,3.9,6.2,3.3
2023-01-19,6.1,0.1,3.1,0.0
2023-01-20,7.0,2.1,4.4,0.0
2023-01-21,4.4,1.0,2.6,10.3
2023-01-22,5.3,1.9,3.5,0.0
2023-01-23,5.4,2.7,4.0,0.4
2023-01-24,5.9,4.3,5.1,2.3
2023-01-25,6.7,5.1,5.7,0.0
2023-01-26,6.1,4.7,5.3,0.0
2023-01-27,7.2,3.8,5.9,1.1
2023-01-28,7.3,0.7,3.7,0.0
2023-01-29,3.1,-4.3,-0.6,0.0
2023-01-30,1.0,-5.2,-1.8,0.0
2023-01-31,0.8,-1.6,-0.3,1.6
2023-02-01,4.6,0.5,2.3,2.7
2023-02-02,7.3,1.2,3.6,0.0
2023-02-03,7.9,3.5,6.0,9.7
2023-02-04,8.8,6.7,7.7,0.4
2023-02-05,8.4,5.1,6.6,0.4
2023-02-06,7.9,4.1,6.3,6.2
2023-02-07,9.3,5.5,7.1,51.8
2023-02-08,7.1,0.9,4.5,0.0
2023-02-09,8.2,4.2,5.9,3.3
2023-02-10,9.7,3.6,6.9,2.5
2023-02-11,7.0,1.7,4.2,0.0
2023-02-12,5.6,3.8,4.7,5.5
2023-02-13,7.2,2.2,4.4,0.4
2023-02-14,6.0,0.2,2.7,0.0
2023-02-15,5.7,-1.4,2.0,0.0
2023-02-16,5.8,1.9,3.0,7.2
2023-02-17,6.6,1.9,4.0,3.2
2023-02-18,7.6,3.4,5.4,0.0
2023-02-19,8.3,4.3,5.9,0.0
2023-02-20,8.3,5.6,6.7,5.5
2023-02-21,7.7,2.7,5.2,0.4
2023-02-22,2.0,-4.4,-0.3,0.0
2023-02-23,0.3,-5.6,-2.7,0.0
2023-02-24,-0.4,-6.6,-3.4,0.0
2023-02-25,0.8,-4.1,-1.6,1.3
2023-02-26,4.3,-0.2,1.6,5.7
2023-02-27,4.1,-0.1,1.2,2.1
2023-02-28,2.6,-0.1,0.7,1.5
2023-03-01,3.3,-0.3,1.4,2.3
2023-03-02,7.4,1.6,4.0,7.0
2023-03-03,6.1,0.9,3.0,0.0
2023-03-04,5.0,1.4,3.1,0.0
2023-03-05,8.3,0.9,4.0,0.0
2023-03-06,8.9,1.9,5.1,0.0
2023-03-07,9.1,2.6,5.1,0.0
2023-03-08,9.9,0.6,5.1,0.0
2023-03-09,10.5,1.2,5.1,0.0
2023-03-10,7.6,3.5,5.4,0.0
2023-03-11,7.5,3.7,4.9,0.4
2023-03-12,9.3,2.5,5.2,10.3
2023-03-13,9.9,3.6,6.2,9.0
2023-03-14,8.4,1.8,5.0,0.0
2023-03-15,9.0,0.0,5.1,0.0
2023-03-16,9.0,-0.3,4.3,0.0
2023-03-17,11.5,0.9,5.9,0.0
2023-03-18,15.0,3.2,8.3,0.0
2023-03-19,11.8,3.9,8.1,0.0
2023-03-20,10.5,6.6,8.4,0.0
2023-03-21,11.2,4.7,8.1,0.0
2023-03-22,12.4,2.2,7.4,0.0
2023-03-23,7.9,5.1,6.7,2.5
2023-03-24,7.5,3.5,4.9,0.0
2023-03-25,7.8,1.6,4.0,2.5
2023-03-26,7.9,0.6,4.2,0.0
2023-03-27,10.1,1.2,5.7,0.0
2023-03-28,16.9,3.7,9.7,0.0
2023-03-29,15.1,5.0,9.9,0.0
2023-03-30,14.1,3.3,8.3,0.0
2023-03-31,7.8,5.1,6.3,11.1
2023-04-01,9.4,2.2,5.5,0.0
2023-04-02,6.7,2.0,3.8,1.9
2023-04-03,8.9,0.5,4.5,0.0
2023-04-04,9.1,1.8,5.1,0.0
2023-04-05,10.6,0.6,5.9,0.0
2023-04-06,10.0,6.1,8.2,2.7
2023-04-07,12.9,7.5,9.8,5.5
2023-04-08,8.4,6.5,7.2,2.9
2023-04-09,10.8,6.8,8.7,21.0
2023-04-10,10.2,4.5,7.2,1.1
2023-04-11,10.4,4.4,6.7,5.0
2023-04-12,10.6,0.8,6.1,0.0
2023-04-13,10.0,3.2,6.3,0.0
2023-04-14,10.9,1.4,6.5,0.0
2023-04-15,10.4,5.4,7.5,0.8
2023-04-16,8.2,5.1,7.2,6.2
2023-04-17,8.9,3.2,5.6,0.4
2023-04-18,8.1,4.1,5.8,0.8
2023-04-19,9.7,4.2,6.3,0.0
2023-04-20,9.2,3.5,5.3,17.9
2023-04-21,10.7,4.0,7.1,0.0
2023-04-22,11.4,6.0,8.6,4.0
2023-04-23,11.6,7.4,9.4,7.0
2023-04-24,12.3,4.8,8.7,0.0
2023-04-25,13.2,5.8,9.2,0.0
2023-04-26,14.5,7.4,10.0,3.6
2023-04-27,15.4,5.4,10.4,0.0
2023-04-28,19.3,6.9,12.9,0.0
2023-04-29,24.8,8.7,17.0,0.0
2023-04-30,13.8,9.7,12.2,0.0
2023-05-01,14.6,8.0,11.6,0.0
2023-05-02,21.0,9.3,14.4,0.0
2023-05-03,19.5,12.2,15.8,0.0
2023-05-04,19.0,12.1,14.7,0.0
2023-05-05,11.4,9.5,10.2,9.2
2023-05-06,12.8,8.9,10.7,0.0
2023-05-07,16.2,7.2,11.3,0.0
2023-05-08,16.3,6.3,11.9,0.0
2023-05-09,16.4,8.3,12.5,0.0
2023-05-10,19.3,7.4,13.5,0.0
2023-05-11,21.4,9.1,15.4,0.0
2023-05-12,25.6,10.1,17.2,0.0
2023-05-13,27.1,13.4,19.8,0.0
2023-05-14,28.9,14.3,21.2,0.0
2023-05-15,30.8,14.5,22.1,0.0
2023-05-16,24.0,16.4,19.5,0.0
2023-05-17,24.7,13.7,19.0,0.0
2023-05-18,28.6,14.7,21.4,0.0
2023-05-19,24.1,14.2,19.2,0.0
2023-05-20,24.4,13.3,18.8,0.0
2023-05-21,19.1,12.2,15.5,0.0
2023-05-22,16.3,10.7,13.5,0.0
2023-05-23,15.7,10.0,12.9,0.0
2023-05-24,19.9,9.8,14.8,0.0
2023-05-25,22.5,11.0,16.9,0.0
2023-05-26,24.5,13.0,19.0,0.0
2023-05-27,21.8,13.6,17.6,0.0
2023-05-28,21.3,11.8,16.4,0.0
2023-05-29,21.7,10.8,16.3,0.0
2023-05-30,18.2,9.8,13.8,0.0
2023-05-31,18.1,8.5,13.2,0.0
2023-06-01,20.5,9.2,15.0,0.0
2023-06-02,22.6,9.9,16.6,0.0
2023-06-03,22.7,10.5,17.2,0.0
2023-06-04,20.5,12.6,16.6,0.0
2023-06-05,21.0,10.7,16.1,0.0
2023-06-06,24.5,12.3,18.1,0.0
2023-06-07,27.1,11.5,19.5,0.0
2023-06-08,25.2,13.5,19.5,0.0
2023-06-09,17.9,12.2,14.8,3.3
2023-06-10,14.6,11.7,13.0,2.2
2023-06-11,21.5,12.5,16.7,0.0
2023-06-12,24.2,12.8,18.7,0.0
2023-06-13,19.0,12.8,16.2,0.0
2023-06-14,17.8,11.3,13.9,0.0
2023-06-15,21.0,10.3,15.8,0.0
2023-06-16,20.3,13.1,16.2,0.0
2023-06-17,18.7,11.4,14.8,0.0
2023-06-18,16.1,8.5,12.3,0.7
2023-06-19,12.1,8.7,10.7,0.4
2023-06-20,15.3,10.2,12.7,0.0
2023-06-21,18.7,12.3,15.0,0.0
2023-06-22,22.4,10.5,16.5,0.0
2023-06-23,26.1,13.2,19.3,0.0
2023-06-24,20.0,13.2,16.3,0.0
2023-06-25,23.2,11.6,17.2,0.0
2023-06-26,24.2,13.3,18.4,0.0
2023-06-27,24.0,13.7,18.7,0.0
2023-06-28,27.0,14.9,20.4,0.0
2023-06-29,24.8,15.4,20.3,0.0
2023-06-30,24.2,14.8,19.7,0.0
2023-07-01,23.6,12.3,18.3,0.0
2023-07-02,23.1,14.7,19.1,0.0
2023-07-03,24.2,13.3,18.7,0.0
2023-07-04,26.7,14.7,20.7,0.0
2023-07-05,27.8,15.1,21.7,0.0
2023-07-06,28.0,16.5,22.2,0.0
2023-07-07,25.7,15.7,20.5,0.0
2023-07-08,23.5,15.3,19.1,0.0
2023-07-09,24.4,13.6,19.1,0.0
2023-07-10,20.4,13.4,17.1,0.0
2023-07-11,24.2,14.0,18.6,0.0
2023-07-12,25.5,14.0,19.7,0.0
2023-07-13,25.3,14.2,19.8,0.0
2023-07-14,25.8,14.8,20.4,0.0
2023-07-15,29.7,15.0,21.8,0.0
2023-07-16,27.5,15.7,21.4,0.0
2023-07-17,24.7,17.2,20.4,0.0
2023-07-18,24.5,13.3,19.5,0.0
2023-07-19,28.1,15.3,21.8,0.0
2023-07-20,30.5,16.5,23.5,0.0
2023-07-21,26.5,16.4,21.3,0.0
2023-07-22,26.8,14.8,21.0,0.0
2023-07-23,24.2,14.8,20.2,0.0
2023-07-24,18.6,14.4,15.7,3.2
2023-07-25,19.8,12.8,15.5,6.5
2023-07-26,22.1,12.7,17.0,0.0
2023-07-27,23.0,13.5,18.3,0.0
2023-07-28,23.8,14.1,19.0,0.0
2023-07-29,23.3,14.7,18.9,0.0
2023-07-30,23.3,12.0,18.0,0.0
2023-07-31,22.7,12.4,17.9,0.0
2023-08-01,24.8,13.2,19.0,0.0
2023-08-02,23.3,13.4,19.0,0.0
2023-08-03,25.9,14.0,20.3,0.0
2023-08-04,27.9,14.7,21.2,0.0
2023-08-05,26.5,16.0,21.4,0.0
2023-08-06,25.3,16.6,20.4,0.0
2023-08-07,24.6,17.4,20.6,0.0
2023-08-08,23.6,16.9,19.5,0.0
2023-08-09,20.0,16.1,17.8,1.5
2023-08-10,22.3,15.0,17.9,0.0
2023-08-11,24.3,13.2,18.8,0.0
2023-08-12,24.3,16.1,20.4,0.0
2023-08-13,27.1,17.1,21.6,0.0
2023-08-14,26.7,18.4,22.1,0.0
2023-08-15,28.2,17.7,22.2,0.0
2023-08-16,27.1,17.9,21.6,0.0
2023-08-17,25.2,16.8,20.6,0.0
2023-08-18,22.0,14.0,17.5,0.0
2023-08-19,21.2,12.4,16.7,0.0
2023-08-20,20.6,13.3,16.5,0.0
2023-08-21,21.5,11.4,16.2,0.0
2023-08-22,20.6,12.3,16.3,0.0
2023-08-23,21.2,13.0,16.6,0.0
2023-08-24,22.3,11.4,16.6,0.0
2023-08-25,22.6,14.2,17.9,0.0
2023-08-26,27.2,13.9,19.6,0.0
2023-08-27,29.2,15.3,21.3,0.0
2023-08-28,23.0,15.7,18.5,0.0
2023-08-29,16.7,14.8,15.4,8.7
2023-08-30,21.2,14.5,17.4,0.0
2023-08-31,19.2,14.8,16.6,0.0
2023-09-01,22.3,13.8,17.6,0.0
2023-09-02,24.9,13.6,18.7,0.0
2023-09-03,20.1,14.1,16.3,0.7
2023-09-04,18.7,13.3,15.9,0.0
2023-09-05,21.0,14.2,16.5,0.0
2023-09-06,20.3,12.1,15.8,0.0
2023-09-07,20.6,12.6,16.2,0.0
2023-09-08,20.6,10.8,15.6,0.0
2023-09-09,22.2,10.6,16.5,0.0
2023-09-10,24.9,13.6,18.6,0.0
2023-09-11,21.6,15.5,17.8,0.0
2023-09-12,16.7,13.2,15.0,0.0
2023-09-13,19.5,13.1,16.0,0.0
2023-09-14,20.9,10.9,15.5,0.0
2023-09-15,24.0,10.3,16.6,0.0
2023-09-16,23.7,10.0,16.8,0.0
2023-09-17,19.4,11.7,15.5,1.1
2023-09-18,17.6,11.4,14.3,0.7
2023-09-19,15.2,10.4,12.3,12.6
2023-09-20,16.2,11.3,13.3,0.0
2023-09-21,19.0,9.8,13.9,0.0
2023-09-22,21.8,8.8,14.9,0.0
2023-09-23,15.9,11.4,13.7,0.4
2023-09-24,18.4,8.7,13.1,2.6
2023-09-25,15.1,13.2,14.1,13.7
2023-09-26,15.8,12.0,13.1,0.0
2023-09-27,14.3,10.9,12.6,3.2
2023-09-28,14.4,9.2,11.7,0.4
2023-09-29,13.7,8.1,11.0,0.0
2023-09-30,14.6,8.9,11.6,0.0
2023-10-01,15.3,7.5,11.0,0.0
2023-10-02,12.5,10.0,11.4,1.5
2023-10-03,14.2,9.2,12.0,0.0
2023-10-04,14.7,10.5,13.1,0.0
2023-10-05,16.6,12.3,14.3,0.0
2023-10-06,18.8,10.2,13.8,0.0
2023-10-07,20.1,9.4,14.2,0.0
2023-10-08,20.8,11.3,15.5,0.0
2023-10-09,16.6,13.6,15.0,26.0
2023-10-10,13.2,11.1,12.0,2.6
2023-10-11,14.8,9.5,12.6,0.4
2023-10-12,15.7,8.0,11.2,0.0
2023-10-13,17.8,6.8,12.2,0.4
2023-10-14,16.2,12.4,13.8,0.0
2023-10-15,18.3,12.3,14.7,2.2
2023-10-16,15.2,11.1,13.8,32.2
2023-10-17,12.6,8.1,10.5,21.6
2023-10-18,13.6,10.6,12.0,64.0
2023-10-19,15.6,13.5,14.3,15.9
2023-10-20,14.0,10.8,12.5,0.0
2023-10-21,12.4,10.8,11.5,0.0
2023-10-22,11.3,6.8,10.1,0.0
2023-10-23,10.2,6.5,8.3,0.0
2023-10-24,7.4,5.4,6.2,7.3
2023-10-25,10.7,3.5,7.0,0.4
2023-10-26,8.8,2.0,4.6,0.0
2023-10-27,8.4,1.4,4.2,0.0
2023-10-28,7.7,-0.9,3.2,0.0
2023-10-29,8.9,-1.0,3.5,0.0
2023-10-30,9.8,-1.0,3.8,0.0
2023-10-31,10.2,0.9,4.7,0.0
2023-11-01,11.0,2.8,6.8,1.8
2023-11-02,14.4,8.7,11.3,23.6
2023-11-03,12.9,9.0,11.0,1.1
2023-11-04,16.9,11.1,13.0,39.0
2023-11-05,13.3,10.2,11.4,34.5
2023-11-06,11.6,9.6,10.3,8.0
2023-11-07,9.8,6.3,8.5,0.0
2023-11-08,8.5,5.5,7.0,0.0
2023-11-09,9.6,4.7,7.3,4.4
2023-11-10,8.8,6.0,7.8,16.9
2023-11-11,11.0,5.7,8.5,6.5
2023-11-12,10.8,5.1,7.5,1.1
2023-11-13,9.1,3.2,6.7,0.7
2023-11-14,8.0,0.9,3.9,0.0
2023-11-15,7.8,1.7,4.2,0.0
2023-11-16,7.6,0.8,3.5,0.0
2023-11-17,8.9,0.1,3.6,0.0
2023-11-18,10.5,1.1,5.1,0.0
2023-11-19,8.5,4.8,7.4,5.0
2023-11-20,8.7,3.3,5.2,0.0
2023-11-21,8.7,0.0,4.8,9.1
2023-11-22,8.2,3.7,6.4,0.4
2023-11-23,7.6,0.8,3.5,0.0
2023-11-24,6.8,-0.7,2.5,0.0
2023-11-25,7.0,-0.3,2.7,0.0
2023-11-26,5.7,-0.4,2.9,0.0
2023-11-27,6.2,2.1,3.7,0.0
2023-11-28,4.8,-0.4,2.1,0.0
2023-11-29,5.0,-1.3,1.4,0.0
2023-11-30,5.0,-0.1,2.2,2.9
2023-12-01,4.6,2.8,3.6,8.3
2023-12-02,8.2,3.2,5.1,28.8
2023-12-03,7.6,4.4,5.7,9.8
2023-12-04,9.6,4.9,7.1,48.9
2023-12-05,11.3,8.7,10.0,13.8
2023-12-06,9.2,6.7,8.2,3.7
2023-12-07,7.2,3.7,5.9,6.0
2023-12-08,6.3,0.5,2.7,0.0
2023-12-09,4.4,1.5,2.9,14.7
2023-12-10,7.2,4.6,5.9,2.5
2023-12-11,7.3,4.5,5.9,0.0
2023-12-12,7.0,1.2,5.0,0.0
2023-12-13,7.2,0.4,4.4,0.0
2023-12-14,6.5,5.2,5.9,1.9
2023-12-15,10.6,4.8,6.9,4.7
2023-12-16,9.0,4.0,5.9,0.0
2023-12-17,9.6,3.3,6.0,0.0
2023-12-18,8.3,4.9,6.9,0.4
2023-12-19,11.0,8.0,9.3,1.9
2023-12-20,10.4,9.0,9.6,6.5
2023-12-21,9.9,8.1,9.0,4.1
2023-12-22,8.7,5.0,7.3,13.0
2023-12-23,5.6,0.6,2.9,0.0
2023-12-24,5.0,0.0,2.7,0.0
2023-12-25,10.0,4.9,7.1,6.9
2023-12-26,10.2,5.4,8.1,1.8
2023-12-27,10.7,7.5,9.2,0.0
2023-12-28,10.9,9.4,10.2,1.9
2023-12-29,12.7,8.4,10.3,0.0
2023-12-30,11.2,8.7,10.3,3.6
2023-12-31,9.3,4.8,7.4,0.0
2024-01-01,6.6,2.1,4.2,0.0
2024-01-02,7.4,3.2,5.5,0.8
2024-01-03,9.7,5.3,7.3,0.8
2024-01-04,7.8,4.3,6.5,13.0
2024-01-05,6.6,3.7,5.5,27.1
2024-01-06,6.5,2.5,4.6,3.6
2024-01-07,4.4,0.3,2.0,0.0
2024-01-08,3.6,0.7,1.8,22.4
2024-01-09,7.1,3.4,5.4,8.6
2024-01-10,5.2,1.8,3.2,0.0
2024-01-11,3.0,-6.6,-0.8,0.2
2024-01-12,-7.0,-12.6,-10.2,0.0
2024-01-13,-3.6,-12.8,-9.3,0.0
2024-01-14,-1.8,-8.6,-5.9,0.0
2024-01-15,1.5,-8.4,-4.3,0.0
2024-01-16,-0.3,-6.3,-3.0,0.0
2024-01-17,-0.2,-4.2,-1.4,7.7
2024-01-18,1.6,-3.8,-1.4,4.0
2024-01-19,2.7,-0.6,1.1,16.6
2024-01-20,1.8,-1.1,0.9,0.0
2024-01-21,6.9,1.6,4.5,5.9
2024-01-22,7.2,6.0,6.5,4.9
2024-01-23,8.6,6.4,7.1,4.1
2024-01-24,7.6,6.1,6.9,4.0
2024-01-25,7.7,6.8,7.2,1.6
2024-01-26,10.5,7.1,8.4,9.0
2024-01-27,11.3,8.8,10.0,65.7
2024-01-28,12.5,10.3,11.4,23.1
2024-01-29,16.2,11.3,12.7,0.4
2024-01-30,14.7,11.0,12.1,0.4
2024-01-31,14.0,11.1,12.3,3.0
2024-02-01,12.4,9.3,10.8,0.4
2024-02-02,10.7,7.5,9.3,0.0
2024-02-03,7.9,4.1,6.0,0.0
2024-02-04,7.6,2.6,5.4,0.0
2024-02-05,6.9,1.1,3.9,0.0
2024-02-06,7.0,2.0,4.1,0.0
2024-02-07,7.7,1.2,4.3,0.0
2024-02-08,6.5,2.7,4.2,0.0
2024-02-09,6.6,-0.9,2.9,0.0
2024-02-10,7.8,1.7,4.4,0.0
2024-02-11,6.9,4.8,5.8,18.9
2024-02-12,8.5,3.3,6.4,11.8
2024-02-13,7.9,2.1,4.8,0.0
2024-02-14,7.1,-1.0,2.8,0.0
2024-02-15,7.9,2.1,4.0,0.0
2024-02-16,11.5,-1.1,3.9,0.0
2024-02-17,9.5,-0.9,3.9,0.0
2024-02-18,8.6,2.7,5.4,0.0
2024-02-19,8.7,1.7,5.0,0.0
2024-02-20,8.6,4.4,6.5,4.3
2024-02-21,9.4,6.8,8.0,11.6
2024-02-22,11.0,5.1,8.3,3.7
2024-02-23,9.6,2.3,5.9,0.0
2024-02-24,8.8,4.8,7.1,0.0
2024-02-25,9.5,2.3,6.5,0.9
2024-02-26,5.8,-0.0,2.5,0.0
2024-02-27,3.4,-2.4,0.7,3.7
2024-02-28,8.1,2.0,5.6,52.5
2024-02-29,6.7,2.8,4.6,6.7
2024-03-01,5.6,1.9,3.4,2.4
2024-03-02,6.7,0.5,2.8,0.4
2024-03-03,3.9,0.8,2.5,5.5
2024-03-04,5.5,0.3,2.4,0.5
2024-03-05,4.8,-1.7,1.3,0.0
2024-03-06,4.7,-0.5,1.9,0.0
2024-03-07,6.6,-1.6,2.7,0.0
2024-03-08,5.9,3.0,4.4,2.5
2024-03-09,9.8,5.3,6.9,1.8
2024-03-10,8.6,5.7,6.7,2.2
2024-03-11,6.7,4.1,5.8,8.1
2024-03-12,10.3,4.3,7.2,0.8
2024-03-13,10.0,3.0,5.9,0.0
2024-03-14,9.8,1.7,5.8,0.0
2024-03-15,12.4,2.5,7.0,0.0
2024-03-16,16.1,3.1,9.1,0.0
2024-03-17,15.8,4.9,10.3,0.0
2024-03-18,13.8,4.1,8.8,0.0
2024-03-19,13.7,3.5,8.4,0.0
2024-03-20,10.8,5.1,8.1,0.0
2024-03-21,12.3,5.4,8.7,0.0
2024-03-22,11.9,7.5,9.4,2.9
2024-03-23,10.0,6.7,8.4,0.4
2024-03-24,12.8,1.9,7.6,0.0
2024-03-25,10.7,6.6,8.3,0.0
2024-03-26,11.3,5.9,7.9,0.0
2024-03-27,8.9,5.6,6.8,17.8
2024-03-28,10.3,5.8,7.5,2.2
2024-03-29,11.9,5.6,8.1,0.0
2024-03-30,10.1,2.8,6.6,0.0
2024-03-31,13.2,2.3,7.7,0.0
2024-04-01,15.9,4.9,10.2,0.0
2024-04-02,12.7,7.4,10.6,3.7
2024-04-03,10.0,3.1,6.6,0.0
2024-04-04,10.9,3.6,7.3,0.0
2024-04-05,13.5,3.7,8.4,0.0
2024-04-06,12.3,3.8,8.0,0.0
2024-04-07,11.7,6.0,8.3,0.0
2024-04-08,8.2,5.1,6.3,16.4
2024-04-09,12.4,6.1,9.0,0.0
2024-04-10,13.0,2.9,8.1,0.0
2024-04-11,9.6,6.3,7.7,0.8
2024-04-12,11.5,6.1,8.5,0.0
2024-04-13,13.3,3.6,8.8,0.0
2024-04-14,13.9,3.9,9.4,0.0
2024-04-15,11.7,6.2,8.5,0.0
2024-04-16,11.3,2.4,7.2,0.0
2024-04-17,14.0,1.9,7.9,0.0
2024-04-18,17.3,3.4,10.8,0.0
2024-04-19,19.0,4.2,11.9,0.0
2024-04-20,21.4,5.5,11.8,1.2
2024-04-21,13.7,6.0,9.7,0.0
2024-04-22,15.0,3.9,9.4,0.0
2024-04-23,19.2,5.1,11.8,0.0
2024-04-24,11.7,8.3,9.8,0.8
2024-04-25,10.7,7.7,8.9,8.6
2024-04-26,13.5,8.7,10.3,3.3
2024-04-27,10.6,8.5,9.6,1.9
2024-04-28,11.0,7.0,8.9,0.0
2024-04-29,11.9,4.0,8.1,1.1
2024-04-30,11.6,5.2,8.2,2.8
2024-05-01,14.1,4.3,9.0,0.0
2024-05-02,17.0,4.2,10.7,0.0
2024-05-03,20.8,6.3,13.7,0.0
2024-05-04,19.3,10.9,14.6,0.0
2024-05-05,12.9,8.9,11.3,1.9
2024-05-06,13.4,8.4,10.2,0.0
2024-05-07,14.4,6.1,10.3,0.0
2024-05-08,16.5,4.9,11.2,0.0
2024-05-09,21.8,7.9,14.8,0.0
2024-05-10,25.2,9.8,17.2,0.0
2024-05-11,23.0,10.2,17.0,0.0
2024-05-12,20.8,11.3,15.6,0.0
2024-05-13,18.4,11.1,14.6,0.0
2024-05-14,18.6,9.3,14.0,0.0
2024-05-15,21.3,10.5,15.7,0.0
2024-05-16,18.3,11.3,14.0,9.7
2024-05-17,16.9,8.2,12.4,0.0
2024-05-18,12.9,8.4,10.2,1.8
2024-05-19,16.0,7.6,11.6,0.0
2024-05-20,18.2,8.1,12.9,0.0
2024-05-21,11.4,8.9,10.2,27.5
2024-05-22,16.0,6.9,11.3,0.0
2024-05-23,16.0,8.4,12.4,0.0
2024-05-24,11.5,9.5,10.5,0.0
2024-05-25,14.4,9.3,11.3,0.4
2024-05-26,12.1,8.3,10.1,12.8
2024-05-27,16.0,9.8,12.5,0.0
2024-05-28,15.2,9.9,11.8,6.2
2024-05-29,14.1,6.6,10.6,2.5
2024-05-30,15.8,7.5,11.8,0.0
2024-05-31,18.2,6.8,12.8,0.0
2024-06-01,16.2,11.9,13.6,0.4
2024-06-02,13.2,11.2,12.3,21.3
2024-06-03,15.1,10.2,12.2,6.3
2024-06-04,16.6,9.6,12.4,7.7
2024-06-05,17.1,7.5,12.6,0.0
2024-06-06,18.5,8.8,13.7,0.0
2024-06-07,23.7,8.8,16.2,0.0
2024-06-08,26.4,11.2,19.2,0.0
2024-06-09,24.1,13.6,18.3,0.0
2024-06-10,20.4,11.0,15.4,0.0
2024-06-11,19.3,10.8,14.8,0.4
2024-06-12,18.8,9.0,13.7,0.0
2024-06-13,20.8,8.7,15.3,0.0
2024-06-14,15.8,10.3,12.9,4.4
2024-06-15,15.6,9.3,12.2,0.0
2024-06-16,14.1,9.0,11.4,2.5
2024-06-17,16.6,10.1,13.1,0.0
2024-06-18,19.1,10.8,14.8,0.0
2024-06-19,23.1,10.5,16.7,0.0
2024-06-20,25.5,12.0,18.9,0.0
2024-06-21,26.6,13.6,20.4,0.0
2024-06-22,21.7,16.0,18.4,0.0
2024-06-23,19.3,12.9,16.1,0.0
2024-06-24,20.1,11.3,15.7,0.0
2024-06-25,23.2,11.0,17.2,0.0
2024-06-26,19.8,13.4,15.7,1.5
2024-06-27,15.9,12.7,14.1,2.9
2024-06-28,18.6,12.2,15.3,0.0
2024-06-29,20.8,13.9,17.1,0.7
2024-06-30,23.8,15.0,18.3,0.0
2024-07-01,22.7,14.4,18.1,0.0
2024-07-02,21.6,12.1,16.7,0.0
2024-07-03,21.9,11.7,17.0,0.0
2024-07-04,22.9,12.9,18.3,0.0
2024-07-05,26.3,14.6,20.5,0.0
2024-07-06,26.4,15.3,20.9,0.0
2024-07-07,29.2,15.3,22.2,0.0
2024-07-08,28.3,16.4,22.4,0.0
2024-07-09,30.3,17.5,23.6,0.0
2024-07-10,28.0,17.1,22.3,0.0
2024-07-11,24.6,15.4,19.6,0.0
2024-07-12,24.2,14.4,19.8,0.0
2024-07-13,24.6,15.3,20.2,0.0
2024-07-14,25.7,15.9,20.3,0.0
2024-07-15,24.3,14.7,19.5,0.0
2024-07-16,26.1,15.7,21.1,0.0
2024-07-17,29.6,17.2,23.3,0.0
2024-07-18,27.8,17.2,22.0,0.0
2024-07-19,28.4,16.2,21.4,0.0
2024-07-20,27.5,15.7,21.7,0.0
2024-07-21,23.7,16.4,20.4,0.0
2024-07-22,23.2,14.2,18.1,0.0
2024-07-23,22.8,12.1,17.6,0.0
2024-07-24,23.3,12.6,17.6,0.0
2024-07-25,22.3,14.4,18.0,0.0
2024-07-26,22.1,11.8,17.5,0.0
2024-07-27,22.9,12.9,18.5,0.0
2024-07-28,23.6,13.6,18.3,0.0
2024-07-29,17.4,15.1,16.3,11.6
2024-07-30,20.7,15.7,18.0,3.6
2024-07-31,22.9,17.1,19.2,1.8
2024-08-01,25.4,15.5,20.0,0.0
2024-08-02,26.4,15.7,21.2,0.0
2024-08-03,28.4,14.9,21.6,0.0
2024-08-04,27.2,15.4,21.7,0.0
2024-08-05,28.0,16.3,21.8,0.0
2024-08-06,23.7,14.7,18.7,0.0
2024-08-07,24.3,13.4,19.3,0.0
2024-08-08,27.1,15.0,21.3,0.0
2024-08-09,27.8,17.1,22.2,0.0
2024-08-10,27.2,16.7,21.2,0.0
2024-08-11,24.1,16.6,19.8,0.0
2024-08-12,19.7,16.4,17.7,0.0
2024-08-13,21.6,16.0,18.2,0.0
2024-08-14,23.8,14.7,19.0,0.0
2024-08-15,25.4,14.0,19.6,0.0
2024-08-16,22.6,15.0,18.5,0.0
2024-08-17,25.6,14.1,19.7,0.0
2024-08-18,21.8,15.4,18.4,3.6
2024-08-19,21.2,13.4,17.2,0.0
2024-08-20,21.0,15.2,17.5,0.0
2024-08-21,18.3,14.4,16.2,0.0
2024-08-22,19.2,14.2,16.7,0.0
2024-08-23,17.2,13.9,15.3,6.5
2024-08-24,18.0,12.4,14.6,21.7
2024-08-25,20.5,13.2,16.3,0.0
2024-08-26,18.1,13.7,15.4,12.7
2024-08-27,17.4,11.9,14.6,0.0
2024-08-28,17.8,9.6,13.8,0.0
2024-08-29,21.2,10.5,15.8,0.0
2024-08-30,22.2,12.8,17.6,0.0
2024-08-31,26.1,13.4,18.7,0.0
2024-09-01,25.9,13.5,19.3,0.0
2024-09-02,20.6,15.7,17.8,0.0
2024-09-03,19.5,14.7,16.7,0.0
2024-09-04,24.0,12.8,17.7,0.0
2024-09-05,27.7,14.3,20.2,0.0
2024-09-06,26.6,14.5,20.2,0.0
2024-09-07,25.6,14.4,19.9,0.0
2024-09-08,24.6,16.3,19.8,0.0
2024-09-09,20.3,14.5,16.8,0.0
2024-09-10,21.9,11.8,16.3,0.0
2024-09-11,17.1,12.9,14.8,0.0
2024-09-12,19.8,12.0,15.5,0.0
2024-09-13,16.3,12.0,13.8,7.6
2024-09-14,17.2,13.4,14.6,20.9
2024-09-15,17.1,12.1,14.4,0.0
2024-09-16,17.7,10.5,14.1,0.0
2024-09-17,15.7,10.8,13.2,0.0
2024-09-18,18.4,12.5,15.4,0.0
2024-09-19,17.6,10.4,14.0,0.0
2024-09-20,16.7,10.7,13.6,0.0
2024-09-21,17.9,9.3,13.2,0.0
2024-09-22,16.2,11.9,14.0,0.0
2024-09-23,18.7,14.1,15.7,1.6
2024-09-24,19.6,14.0,17.2,0.0
2024-09-25,17.6,12.1,15.0,49.4
2024-09-26,13.6,10.0,11.8,2.3
2024-09-27,18.2,11.3,14.2,0.0
2024-09-28,14.0,8.4,11.3,0.0
2024-09-29,14.4,9.1,11.4,0.0
2024-09-30,14.5,5.4,10.2,0.0
2024-10-01,12.7,9.3,10.8,0.0
2024-10-02,15.7,8.7,11.5,0.0
2024-10-03,13.2,6.3,10.1,0.0
2024-10-04,14.5,10.0,11.7,11.2
2024-10-05,14.6,9.0,11.8,0.0
2024-10-06,16.5,10.7,12.8,0.0
2024-10-07,18.5,9.7,13.4,0.0
2024-10-08,15.2,13.2,14.0,13.7
2024-10-09,14.9,8.6,12.4,2.2
2024-10-10,12.9,7.7,10.1,0.0
2024-10-11,14.2,5.7,9.8,0.0
2024-10-12,16.9,7.9,11.9,0.0
2024-10-13,19.2,8.3,13.1,0.0
2024-10-14,14.9,12.4,13.5,12.0
2024-10-15,14.2,10.4,11.9,0.4
2024-10-16,14.2,7.7,10.7,3.9
2024-10-17,11.4,6.8,8.5,0.0
2024-10-18,8.2,7.4,7.8,58.5
2024-10-19,14.0,8.5,11.9,120.5
2024-10-20,13.2,8.8,11.0,17.9
2024-10-21,11.6,7.6,9.4,0.4
2024-10-22,11.9,6.4,8.9,4.4
2024-10-23,11.5,4.1,7.4,0.0
2024-10-24,11.5,4.7,7.4,0.0
2024-10-25,9.8,2.9,6.6,0.0
2024-10-26,14.3,9.0,11.6,21.9
2024-10-27,11.7,9.3,10.6,12.2
2024-10-28,11.8,8.2,9.5,6.1
2024-10-29,10.6,7.7,8.8,3.2
2024-10-30,9.1,6.7,7.9,7.4
2024-10-31,10.5,6.9,8.2,2.2
2024-11-01,8.0,6.8,7.3,16.4
2024-11-02,8.5,6.3,7.4,1.1
2024-11-03,9.7,6.8,8.0,0.0
2024-11-04,11.7,7.1,8.7,32.0
2024-11-05,9.8,3.8,6.6,0.0
2024-11-06,10.5,5.0,7.2,0.0
2024-11-07,13.0,6.2,9.3,0.0
2024-11-08,13.0,8.2,10.3,1.8
2024-11-09,10.5,9.5,9.9,4.3
2024-11-10,12.2,9.0,10.3,1.2
2024-11-11,11.5,8.7,10.0,17.3
2024-11-12,10.3,6.1,8.7,3.2
2024-11-13,10.4,7.9,9.4,48.4
2024-11-14,9.7,6.2,8.4,6.2
2024-11-15,8.0,2.8,4.8,0.0
2024-11-16,5.2,2.8,4.0,26.6
2024-11-17,7.7,3.6,5.9,2.5
2024-11-18,6.9,2.8,4.3,1.1
2024-11-19,6.7,1.3,4.3,3.4
2024-11-20,8.3,5.2,6.5,4.8
2024-11-21,10.0,6.1,7.5,0.0
2024-11-22,10.6,5.5,8.1,10.0
2024-11-23,9.2,5.8,7.5,9.7
2024-11-24,7.0,5.2,6.2,3.3
2024-11-25,6.9,3.8,5.2,0.0
2024-11-26,5.2,1.5,3.6,0.0
2024-11-27,6.1,2.1,4.2,0.0
2024-11-28,6.1,1.5,3.0,0.0
2024-11-29,4.4,0.2,2.8,0.0
2024-11-30,5.3,4.2,4.7,0.4
2024-12-01,8.5,1.6,4.4,0.0
2024-12-02,7.0,0.7,2.8,0.0
2024-12-03,7.6,-0.8,2.4,0.0
2024-12-04,5.2,-0.0,2.6,0.0
2024-12-05,6.0,1.5,3.8,0.0
2024-12-06,9.8,4.2,6.9,1.1
2024-12-07,11.1,6.6,9.0,37.6
2024-12-08,8.3,5.0,6.7,5.3
2024-12-09,7.1,2.1,5.3,0.0
2024-12-10,5.4,0.1,2.6,0.0
2024-12-11,7.8,1.9,3.7,0.0
2024-12-12,6.5,-0.0,3.4,0.4
2024-12-13,7.1,4.8,6.1,8.4
2024-12-14,8.5,5.7,7.3,10.0
2024-12-15,7.5,2.8,4.7,0.0
2024-12-16,4.8,3.0,3.8,4.6
2024-12-17,7.2,4.0,5.6,24.5
2024-12-18,10.6,6.0,8.0,18.6
2024-12-19,9.9,5.6,7.9,10.5
2024-12-20,11.3,7.8,9.5,0.8
2024-12-21,9.7,6.4,8.0,4.0
2024-12-22,8.7,6.4,7.9,6.5
2024-12-23,10.3,5.6,8.4,0.0
2024-12-24,10.3,5.9,8.5,4.0
2024-12-25,6.6,5.1,6.0,18.0
2024-12-26,7.6,5.1,6.1,21.3
2024-12-27,8.0,4.1,5.9,2.2
2024-12-28,9.5,5.8,7.3,17.1
2024-12-29,6.8,2.8,5.6,5.4
2024-12-30,5.3,2.7,4.6,6.5
2024-12-31,6.6,3.1,4.7,5.4
2025-01-01,5.7,1.8,3.5,0.0
2025-01-02,4.6,1.7,3.1,3.4
2025-01-03,4.9,0.9,3.3,7.2
2025-01-04,7.2,4.1,6.0,3.0
2025-01-05,7.5,3.3,6.0,1.8
2025-01-06,6.0,-0.0,2.9,0.0
2025-01-07,5.4,1.8,3.5,0.0
2025-01-08,7.8,1.4,5.3,0.0
2025-01-09,8.9,1.0,4.1,0.0
2025-01-10,7.8,5.8,6.5,10.4
2025-01-11,7.1,1.6,4.3,0.0
2025-01-12,6.7,0.8,4.2,0.0
2025-01-13,5.0,-0.3,2.4,0.0
2025-01-14,6.2,0.9,3.0,0.0
2025-01-15,7.4,0.5,2.9,0.0
2025-01-16,6.3,1.0,3.7,0.4
2025-01-17,6.2,-1.4,1.4,0.0
2025-01-18,4.9,-2.3,0.6,0.0
2025-01-19,2.8,-3.3,-0.2,0.0
2025-01-20,3.9,-2.7,-0.0,0.0
2025-01-21,4.2,-2.9,-0.1,0.0
2025-01-22,4.3,-1.0,1.4,0.0
2025-01-23,4.2,-2.5,0.4,0.0
2025-01-24,3.0,-2.9,-0.0,0.0
2025-01-25,4.9,-2.4,0.6,0.0
2025-01-26,5.7,-3.3,-0.1,0.0
2025-01-27,6.2,-3.4,0.3,0.0
2025-01-28,5.3,-3.5,-0.0,0.0
2025-01-29,6.7,-4.4,0.3,0.0
2025-01-30,3.7,1.0,2.8,7.8
2025-01-31,5.4,2.5,4.2,23.4
2025-02-01,4.1,-0.1,1.6,1.6
2025-02-02,0.8,-1.0,-0.3,1.7
2025-02-03,-0.8,-3.9,-2.5,0.0
2025-02-04,-0.8,-4.5,-2.7,0.0
2025-02-05,-0.8,-6.8,-3.8,0.0
2025-02-06,1.2,-4.4,-1.6,0.0
2025-02-07,1.9,-4.6,-1.7,0.0
2025-02-08,3.8,-1.0,0.7,0.0
2025-02-09,3.2,-0.8,0.6,0.0
2025-02-10,2.6,-3.8,-1.1,0.0
2025-02-11,0.7,-6.4,-3.3,0.0
2025-02-12,1.4,-7.1,-2.9,0.0
2025-02-13,2.1,-5.5,-1.7,0.0
2025-02-14,6.0,-3.0,1.2,0.0
2025-02-15,4.4,1.1,2.5,3.7
2025-02-16,5.4,1.8,3.3,6.3
2025-02-17,7.6,3.1,4.7,1.5
2025-02-18,9.0,3.8,6.0,0.0
2025-02-19,9.2,6.6,7.7,17.3
2025-02-20,8.5,5.9,7.2,0.0
2025-02-21,7.9,5.7,7.0,8.4
2025-02-22,9.9,7.1,8.6,33.5
2025-02-23,11.8,5.4,8.6,25.5
2025-02-24,11.4,6.7,8.3,1.9
2025-02-25,10.0,6.6,7.9,22.6
2025-02-26,13.0,5.5,8.2,0.0
2025-02-27,13.8,4.0,8.2,0.0
2025-02-28,12.7,6.1,8.9,0.0
2025-03-01,12.8,3.0,7.7,0.0
2025-03-02,10.6,4.2,7.1,0.0
2025-03-03,10.4,5.1,7.7,0.0
2025-03-04,9.3,6.1,7.6,5.5
2025-03-05,10.0,3.6,6.6,0.0
2025-03-06,9.7,1.5,5.1,0.0
2025-03-07,8.3,2.0,5.5,0.0
2025-03-08,8.6,5.3,6.2,38.2
2025-03-09,9.0,3.9,7.4,16.6
2025-03-10,7.7,1.7,4.5,0.0
2025-03-11,6.0,4.5,5.1,0.4
2025-03-12,7.3,4.6,5.8,8.2
2025-03-13,8.4,3.3,5.4,1.4
2025-03-14,9.7,1.8,5.7,0.0
2025-03-15,7.1,3.3,4.6,3.9
2025-03-16,9.1,4.1,6.0,0.0
2025-03-17,8.7,1.7,5.1,0.0
2025-03-18,9.1,0.4,4.8,0.0
2025-03-19,8.3,5.0,6.6,0.4
2025-03-20,8.9,4.8,6.5,13.4
2025-03-21,8.7,4.2,6.1,1.4
2025-03-22,9.4,3.2,6.0,2.0
2025-03-23,8.1,4.1,5.8,35.4
2025-03-24,10.5,7.2,9.0,6.1
2025-03-25,16.1,9.4,11.8,0.7
2025-03-26,16.0,7.4,10.3,1.5
2025-03-27,14.3,9.6,11.5,19.9
2025-03-28,10.3,8.6,9.5,0.4
2025-03-29,11.3,5.7,8.4,0.4
2025-03-30,11.5,3.1,7.4,0.0
2025-03-31,11.8,7.3,9.2,1.8
2025-04-01,12.3,5.8,8.8,0.0
2025-04-02,11.1,5.5,8.0,0.8
2025-04-03,11.7,3.9,7.8,0.0
2025-04-04,12.9,4.1,8.8,0.0
2025-04-05,17.0,4.3,11.1,0.0
2025-04-06,12.2,9.2,10.9,17.3
2025-04-07,12.1,7.7,9.4,6.9
2025-04-08,9.4,7.2,8.0,6.1
2025-04-09,13.2,5.6,9.4,0.0
2025-04-10,13.9,7.8,10.4,0.4
2025-04-11,11.3,4.1,8.1,0.0
2025-04-12,11.3,4.3,8.1,0.0
2025-04-13,12.0,2.8,8.0,0.0
2025-04-14,14.4,5.4,9.7,0.0
2025-04-15,14.1,5.8,10.0,0.0
2025-04-16,15.9,5.3,10.5,0.0
2025-04-17,17.6,5.0,11.4,0.0
2025-04-18,18.6,5.9,12.5,0.0
2025-04-19,14.7,8.1,11.2,0.0
2025-04-20,13.5,7.3,9.7,0.0
2025-04-21,13.0,6.0,9.4,0.0
2025-04-22,14.3,4.0,9.5,0.0
2025-04-23,16.3,4.6,10.6,0.0
2025-04-24,19.9,5.6,12.4,0.0
2025-04-25,20.7,8.1,13.7,0.0
2025-04-26,17.6,10.1,13.2,0.0
2025-04-27,16.3,7.1,11.6,0.0
2025-04-28,10.7,9.0,9.7,7.6
2025-04-29,14.6,9.4,11.5,0.4
2025-04-30,15.5,7.2,11.3,0.0
2025-05-01,19.1,7.0,13.1,0.0
2025-05-02,23.5,9.0,15.1,0.4
2025-05-03,15.1,8.7,11.3,1.2
2025-05-04,15.7,5.1,10.8,0.0
2025-05-05,17.4,5.8,12.2,0.0
2025-05-06,23.4,7.7,15.4,0.0
2025-05-07,18.5,10.9,14.9,1.1
2025-05-08,16.4,6.1,11.9,0.0
2025-05-09,16.5,8.2,12.9,0.0
2025-05-10,16.1,10.0,13.0,0.0
2025-05-11,17.1,9.4,12.6,0.0
2025-05-12,18.0,7.9,12.7,0.0
2025-05-13,17.8,8.8,13.7,0.4
2025-05-14,18.1,9.7,13.1,0.0
2025-05-15,11.8,8.2,9.9,2.6
2025-05-16,12.2,8.6,10.2,4.4
2025-05-17,14.1,10.0,11.1,9.1
2025-05-18,15.3,8.2,11.7,0.0
2025-05-19,14.3,8.0,10.4,9.5
2025-05-20,15.4,8.7,11.5,1.4
2025-05-21,15.2,8.9,11.7,2.5
2025-05-22,18.2,7.4,12.9,0.0
2025-05-23,17.7,10.5,13.5,0.0
2025-05-24,20.2,8.8,14.4,0.0
2025-05-25,21.4,9.9,15.2,0.0
2025-05-26,18.0,12.3,14.4,0.8
2025-05-27,20.4,11.0,15.7,0.0
2025-05-28,25.6,12.2,18.6,0.0
2025-05-29,17.9,11.8,14.8,15.9
2025-05-30,20.9,9.8,15.3,0.0
2025-05-31,15.2,11.8,13.6,9.6
2025-06-01,16.9,8.5,13.0,0.0
2025-06-02,18.4,10.3,14.1,0.0
2025-06-03,20.3,10.0,15.2,0.0
2025-06-04,19.1,12.4,15.7,0.0
2025-06-05,22.2,11.6,16.3,0.0
2025-06-06,22.3,13.8,18.2,0.0
2025-06-07,23.3,13.6,18.1,0.0
2025-06-08,25.3,15.1,20.3,0.0
2025-06-09,22.7,14.2,18.3,0.0
2025-06-10,21.6,13.2,17.2,0.0
2025-06-11,21.0,12.8,16.5,0.0
2025-06-12,15.4,11.7,13.9,0.0
2025-06-13,18.6,11.3,14.6,0.0
2025-06-14,19.3,11.7,14.9,0.0
2025-06-15,21.7,9.6,15.4,0.0
2025-06-16,23.9,10.5,17.0,0.0
2025-06-17,22.3,10.5,16.7,0.0
2025-06-18,20.6,12.8,16.3,0.0
2025-06-19,20.1,9.8,15.4,0.0
2025-06-20,15.9,10.9,13.7,0.0
2025-06-21,15.9,10.9,12.9,7.3
2025-06-22,17.3,11.4,14.4,0.0
2025-06-23,20.1,12.5,15.9,0.0
2025-06-24,23.4,12.5,18.2,0.0
2025-06-25,18.1,13.9,15.7,0.0
2025-06-26,17.8,13.2,15.0,1.2
2025-06-27,16.1,12.2,14.2,0.0
2025-06-28,20.6,12.7,16.7,0.0
2025-06-29,24.4,11.9,18.0,0.0
2025-06-30,26.0,13.9,20.3,0.0
2025-07-01,27.4,15.9,21.3,0.0
2025-07-02,24.3,13.9,18.8,0.0
2025-07-03,20.3,11.4,16.1,0.0
2025-07-04,23.5,11.9,17.9,0.0
2025-07-05,21.6,12.6,17.3,0.0
2025-07-06,23.3,12.8,18.3,0.0
2025-07-07,26.2,14.4,20.4,0.0
2025-07-08,27.1,15.4,19.9,2.2
2025-07-09,20.4,16.0,17.7,1.4
2025-07-10,21.8,13.7,17.5,0.0
2025-07-11,26.8,13.3,19.9,0.0
2025-07-12,26.4,16.1,21.3,0.0
2025-07-13,27.5,16.8,22.6,0.0
2025-07-14,24.7,17.5,20.4,0.0
2025-07-15,28.6,16.1,21.9,0.0
2025-07-16,27.3,16.1,21.8,0.0
2025-07-17,28.7,16.4,21.8,0.0
2025-07-18,23.8,15.3,19.1,0.0
2025-07-19,21.1,13.2,16.9,0.0
2025-07-20,22.1,12.1,17.4,0.0
2025-07-21,25.5,14.0,19.3,0.0
2025-07-22,24.7,16.1,20.1,0.0
2025-07-23,27.0,15.1,20.6,0.0
2025-07-24,26.1,14.8,20.3,0.0
2025-07-25,20.6,12.6,16.6,0.0
2025-07-26,23.1,11.5,17.4,0.0
2025-07-27,24.7,12.2,18.4,0.0
2025-07-28,26.5,13.5,19.6,0.0
2025-07-29,26.9,13.9,20.3,0.0
2025-07-30,26.5,15.1,21.4,0.0
2025-07-31,28.0,16.7,21.6,0.0
2025-08-01,26.8,15.4,21.0,0.0
2025-08-02,25.2,14.5,19.8,0.0
2025-08-03,21.7,13.6,18.0,0.0
2025-08-04,23.3,14.6,18.3,0.0
2025-08-05,20.9,14.9,17.6,0.0
2025-08-06,20.5,16.0,17.7,7.6
2025-08-07,21.6,14.9,17.8,0.0
2025-08-08,22.2,12.4,17.4,0.0
2025-08-09,24.2,13.5,18.9,0.0
2025-08-10,28.0,15.8,21.9,0.0
2025-08-11,26.7,18.9,22.4,0.0
2025-08-12,29.3,17.9,22.9,0.0
2025-08-13,26.2,17.8,21.2,0.0
2025-08-14,21.3,15.0,18.0,0.0
2025-08-15,18.0,14.9,16.5,46.6
2025-08-16,20.6,15.4,17.7,0.4
2025-08-17,20.0,14.7,17.1,0.0
2025-08-18,21.4,14.6,17.8,0.0
2025-08-19,21.4,14.8,17.8,0.0
2025-08-20,21.2,14.1,17.2,0.0
2025-08-21,22.8,12.5,17.4,0.0
2025-08-22,26.9,13.4,19.4,0.0
2025-08-23,28.0,14.9,20.6,0.0
2025-08-24,27.8,15.7,21.3,0.0
2025-08-25,27.8,15.3,21.3,0.0
2025-08-26,26.7,16.4,21.2,0.0
2025-08-27,29.3,16.7,22.0,0.0
2025-08-28,25.5,18.3,21.4,0.0
2025-08-29,26.3,17.2,21.3,0.0
2025-08-30,23.8,16.3,19.1,0.0
2025-08-31,24.4,14.8,19.1,0.4
2025-09-01,22.0,16.0,18.6,0.0
2025-09-02,22.9,14.8,18.7,0.0
2025-09-03,25.8,16.0,20.5,0.0
2025-09-04,23.1,15.6,19.1,0.0
2025-09-05,22.7,15.3,19.1,0.0
2025-09-06,24.1,16.0,19.1,0.0
2025-09-07,20.3,15.8,17.6,0.0
2025-09-08,22.0,14.9,18.1,0.0
2025-09-09,20.9,14.9,17.5,0.0
2025-09-10,21.6,15.4,17.8,0.0
2025-09-11,21.1,12.9,16.7,0.0
2025-09-12,21.6,13.7,16.9,0.0
2025-09-13,23.4,14.3,17.8,0.0
2025-09-14,16.8,14.3,15.9,11.9
2025-09-15,18.3,12.5,15.2,0.0
2025-09-16,24.1,12.1,17.6,0.0
2025-09-17,22.5,15.8,18.6,0.0
2025-09-18,18.7,12.4,15.4,0.0
2025-09-19,19.2,11.0,15.0,0.0
2025-09-20,21.8,11.7,16.5,1.1
2025-09-21,17.9,13.7,15.5,22.6
2025-09-22,19.3,10.7,14.5,0.0
2025-09-23,19.3,11.3,15.0,0.0
2025-09-24,17.8,11.9,14.4,0.0
2025-09-25,15.1,8.6,12.1,0.0
2025-09-26,15.6,10.2,12.9,0.0
2025-09-27,17.4,13.1,14.1,1.2
2025-09-28,18.2,12.5,15.4,1.8
2025-09-29,15.9,13.7,15.1,27.3
2025-09-30,17.9,12.4,14.4,0.0
2025-10-01,16.5,12.4,13.9,2.1
2025-10-02,16.4,11.5,13.6,3.3
2025-10-03,15.2,9.0,11.9,0.0
2025-10-04,15.3,10.3,12.6,0.0
2025-10-05,15.2,7.5,11.4,0.0
2025-10-06,15.6,7.1,11.1,0.0
2025-10-07,14.8,7.2,11.2,0.0
2025-10-08,13.6,10.2,11.6,0.0
2025-10-09,14.8,9.8,11.8,0.8
2025-10-10,12.7,9.4,10.7,9.4
2025-10-11,12.3,8.8,10.2,1.4
2025-10-12,10.7,8.0,9.2,0.0
2025-10-13,13.1,5.5,8.9,0.0
2025-10-14,11.9,3.3,7.6,0.0
2025-10-15,12.5,2.0,7.5,0.0
2025-10-16,12.0,3.4,7.9,0.0
2025-10-17,12.8,7.8,10.3,0.0
2025-10-18,9.8,6.4,7.8,29.5
2025-10-19,12.0,7.8,9.5,13.4
2025-10-20,11.7,6.6,9.2,0.0
2025-10-21,13.2,7.8,10.4,0.0
2025-10-22,11.6,4.7,8.4,0.4
2025-10-23,14.3,9.1,11.8,0.4
2025-10-24,12.5,8.8,11.4,13.5
2025-10-25,9.6,6.9,8.3,2.2
2025-10-26,9.5,5.6,7.5,9.5
2025-10-27,10.7,4.7,7.0,0.0
2025-10-28,9.4,4.7,7.2,27.5
2025-10-29,14.5,6.8,10.1,0.0
2025-10-30,11.0,4.8,7.2,0.0
2025-10-31,10.4,5.3,8.1,30.6
2025-11-01,10.6,7.8,9.7,17.0
2025-11-02,11.3,4.5,7.6,1.8
2025-11-03,10.3,4.6,7.0,0.0
2025-11-04,11.3,1.0,6.3,0.0
2025-11-05,12.3,9.5,11.2,11.7
2025-11-06,11.4,9.0,10.5,24.0
2025-11-07,11.7,6.1,8.8,0.0
2025-11-08,11.7,4.2,7.6,0.0
2025-11-09,14.3,3.4,9.1,9.8
2025-11-10,14.0,8.4,11.2,10.4
2025-11-11,11.2,4.7,7.5,0.0
2025-11-12,9.8,4.8,7.5,5.8
2025-11-13,11.5,6.0,9.1,32.5
2025-11-14,8.6,5.1,6.7,4.8
2025-11-15,10.0,6.2,8.2,0.7
2025-11-16,11.7,7.9,10.2,2.1
2025-11-17,11.5,6.7,8.3,2.2
2025-11-18,8.4,4.2,6.2,0.0
2025-11-19,9.4,1.1,4.6,0.0
2025-11-20,9.9,5.4,7.5,0.0
2025-11-21,8.8,6.5,7.7,0.0
2025-11-22,10.4,8.8,9.7,28.2
2025-11-23,10.0,5.0,7.4,4.0
2025-11-24,5.5,1.5,4.0,0.8
2025-11-25,5.7,3.3,4.9,3.4
2025-11-26,8.2,5.8,6.7,0.0
2025-11-27,7.8,5.5,6.7,7.0
2025-11-28,8.8,2.7,5.4,0.0
2025-11-29,6.7,1.5,3.6,0.0
2025-11-30,6.6,0.4,2.8,0.0
2025-12-01,5.1,2.4,3.5,1.1
2025-12-02,7.0,2.7,4.7,0.0
2025-12-03,6.4,4.0,5.2,0.7
2025-12-04,6.8,5.5,6.0,6.4
2025-12-05,7.8,5.6,6.6,14.8
2025-12-06,10.8,6.1,7.9,1.8
2025-12-07,9.8,6.4,8.3,12.2
2025-12-08,11.2,7.0,9.0,27.4
2025-12-09,9.6,5.7,7.8,7.2
2025-12-10,9.7,7.0,8.0,50.4
2025-12-11,9.6,7.0,8.1,0.6
2025-12-12,8.4,6.4,7.2,1.1
2025-12-13,11.2,8.5,9.5,0.4
2025-12-14,11.1,9.4,10.2,25.5
2025-12-15,14.8,7.6,11.3,27.6
2025-12-16,9.3,6.9,8.1,17.6
2025-12-17,9.0,5.5,6.8,10.5
2025-12-18,7.7,4.8,6.1,8.9
2025-12-19,6.2,1.5,3.5,0.4
2025-12-20,5.9,4.0,5.0,16.1
2025-12-21,7.0,4.6,6.0,6.2
2025-12-22,6.9,3.2,4.8,16.2
2025-12-23,5.7,2.9,4.1,0.0
2025-12-24,4.1,2.1,3.3,6.5
2025-12-25,5.5,-0.3,2.7,2.9
2025-12-26,5.1,3.0,3.9,10.8
2025-12-27,2.6,-1.0,0.7,0.0
2025-12-28,2.7,-0.2,1.0,0.0
2025-12-29,6.1,0.3,2.8,0.0
2025-12-30,4.2,-0.1,1.9,0.0
2025-12-31,6.1,1.1,2.7,0.0
