"week_start","average_temp_max","average_temp_min","average_temp_mean","total_rain"
"2022-01-02",2.8,-1.2,0.8,49.4
"2022-01-09",8.6,4.1,6.2,65.8
"2022-01-16",7.5,4.2,5.6,25.2
"2022-01-23",4.6,0.5,2.2,4.7
"2022-01-30",5.6,2.0,3.7,35.3
"2022-02-06",8.4,2.9,5.4,5.6
"2022-02-13",8.5,3.1,5.6,1.8
"2022-02-20",4.9,-2.4,1.0,8.2
"2022-02-27",9.9,5.1,7.2,73.8
"2022-03-06",8.2,1.7,4.6,9.8
"2022-03-13",8.9,4.6,6.6,42.1
"2022-03-20",10.2,4.5,7.3,31.4
"2022-03-27",11.3,5.7,8.3,0.9
"2022-04-03",10.4,4.6,7.6,30.4
"2022-04-10",9.5,1.6,5.4,0.5
"2022-04-17",12.3,3.7,7.9,10.6
"2022-04-24",13.2,4.9,8.9,5.2
"2022-05-01",12.7,6.5,9.5,13.1
"2022-05-08",12.6,5.7,9.0,9.5
"2022-05-15",14.9,7.2,11.0,37.3
"2022-05-22",17.2,9.3,13.2,35.8
"2022-05-29",18.0,11.3,14.5,47.2
"2022-06-05",18.3,11.4,14.6,16.7
"2022-06-12",18.0,10.8,14.1,3.3
"2022-06-19",20.8,11.5,16.1,0.0
"2022-06-26",23.8,14.1,19.0,0.0
"2022-07-03",20.4,13.9,16.7,37.6
"2022-07-10",23.9,14.5,19.0,0.4
"2022-07-17",22.5,13.9,18.2,0.4
"2022-07-24",29.5,17.7,23.4,0.0
"2022-07-31",23.9,15.7,19.6,0.4
"2022-08-07",24.5,15.7,20.0,0.0
"2022-08-14",26.4,16.3,21.3,0.0
"2022-08-21",24.5,16.5,20.3,0.0
"2022-08-28",26.0,15.1,20.2,0.0
"2022-09-04",21.9,12.3,16.9,3.6
"2022-09-11",20.8,12.8,16.3,0.0
"2022-09-18",20.7,10.8,15.2,0.0
"2022-09-25",21.8,11.8,16.0,0.7
"2022-10-02",21.0,10.5,15.1,0.0
"2022-10-09",18.4,8.4,12.8,0.0
"2022-10-16",15.8,7.8,11.3,0.8
"2022-10-23",10.9,6.4,8.6,95.6
"2022-10-30",8.6,4.1,6.2,93.6
"2022-11-06",5.4,0.0,2.5,14.3
"2022-11-13",6.7,-0.2,2.7,0.0
"2022-11-20",8.0,2.1,5.2,40.5
"2022-11-27",2.2,-3.5,-0.5,15.6
"2022-12-04",3.6,-0.4,1.6,22.6
"2022-12-11",4.5,0.3,2.2,0.7
"2022-12-18",-2.8,-8.7,-5.4,52.7
"2022-12-25",8.4,4.2,6.4,79.5
"2023-01-01",7.5,3.6,5.4,7.7
"2023-01-08",10.2,5.5,7.8,49.3
"2023-01-15",6.9,3.5,5.2,49.5
"2023-01-22",6.3,3.3,4.7,3.8
"2023-01-29",4.8,0.1,2.4,14.4
"2023-02-05",8.2,3.6,5.9,64.2
"2023-02-12",6.4,1.7,3.7,16.3
"2023-02-19",3.9,-1.2,1.4,7.2
"2023-02-26",4.7,0.5,2.1,18.6
"2023-03-05",8.8,2.1,5.0,0.4
"2023-03-12",10.3,1.7,5.7,19.3
"2023-03-19",9.9,3.9,6.8,5.0
"2023-03-26",11.6,3.0,7.1,11.1
"2023-04-02",9.5,3.6,6.4,13.0
"2023-04-09",10.5,3.8,7.0,27.9
"2023-04-16",9.5,4.3,6.6,29.3
"2023-04-23",15.9,6.6,11.1,10.6
"2023-04-30",16.0,10.0,12.8,9.2
"2023-05-07",20.3,8.8,14.5,0.0
"2023-05-14",26.5,14.4,20.2,0.0
"2023-05-21",20.0,11.5,15.7,0.0
"2023-05-28",20.7,10.1,15.5,0.0
"2023-06-04",21.5,12.1,16.8,5.5
"2023-06-11",20.4,12.0,16.0,0.0
"2023-06-18",18.7,10.9,14.7,1.1
"2023-06-25",24.4,13.7,19.0,0.0
"2023-07-02",25.6,15.0,20.3,0.0
"2023-07-09",25.0,14.1,19.5,0.0
"2023-07-16",26.9,15.6,21.3,0.0
"2023-07-23",22.1,13.9,17.8,9.7
"2023-07-30",24.9,13.7,19.5,0.0
"2023-08-06",23.5,15.9,19.3,1.5
"2023-08-13",25.4,16.3,20.3,0.0
"2023-08-20",22.3,12.8,17.1,0.0
"2023-08-27",22.4,14.6,17.9,8.7
"2023-09-03",20.5,12.5,16.1,0.7
"2023-09-10",21.6,12.4,16.6,0.0
"2023-09-17",17.9,10.7,14.0,14.8
"2023-09-24",15.2,10.1,12.5,19.9
"2023-10-01",16.0,9.9,12.8,1.5
"2023-10-08",16.4,10.4,13.2,29.4
"2023-10-15",14.5,11.0,12.8,135.9
"2023-10-22",9.2,3.5,6.2,7.7
"2023-10-29",12.0,4.4,7.7,65.5
"2023-11-05",10.4,6.9,8.7,70.3
"2023-11-12",9.0,1.8,4.9,1.8
"2023-11-19",7.9,1.7,4.6,14.5
"2023-11-26",5.6,0.8,3.0,40.0
"2023-12-03",7.9,4.3,6.1,96.9
"2023-12-10",7.8,3.5,5.7,9.1
"2023-12-17",9.1,5.6,7.3,25.9
"2023-12-24",10.1,6.3,8.3,14.2
"2023-12-31",7.7,3.7,5.9,45.3
"2024-01-07",1.8,-3.7,-1.1,31.2
"2024-01-14",0.8,-4.7,-2.0,28.3
"2024-01-21",8.5,6.1,7.2,95.2
"2024-01-28",12.6,9.2,10.7,27.3
"2024-02-04",7.2,1.5,4.2,0.0
"2024-02-11",8.5,1.3,4.5,30.7
"2024-02-18",9.2,4.0,6.6,19.6
"2024-02-25",6.5,1.0,3.7,66.6
"2024-03-03",5.9,0.8,3.2,10.3
"2024-03-10",10.6,3.5,6.8,11.1
"2024-03-17",12.6,5.3,8.9,3.3
"2024-03-24",10.9,4.9,7.5,20.0
"2024-03-31",12.6,4.1,8.4,3.7
"2024-04-07",11.4,5.2,8.1,17.2
"2024-04-14",15.5,3.9,9.6,1.2
"2024-04-21",13.5,6.9,9.9,14.6
"2024-04-28",15.1,6.0,10.5,3.9
"2024-05-05",18.2,8.0,13.1,1.9
"2024-05-12",18.2,10.0,13.8,11.5
"2024-05-19",14.8,8.4,11.5,27.9
"2024-05-26",15.4,8.7,11.9,21.9
"2024-06-02",18.7,9.6,14.1,35.3
"2024-06-09",19.3,10.4,14.7,4.8
"2024-06-16",21.0,11.7,16.2,2.5
"2024-06-23",19.7,12.5,15.9,5.1
"2024-06-30",23.7,13.7,18.5,0.0
"2024-07-07",27.0,15.9,21.4,0.0
"2024-07-14",27.1,16.1,21.3,0.0
"2024-07-21",22.9,13.5,18.2,0.0
"2024-07-28",23.5,15.4,19.2,17.0
"2024-08-04",26.5,15.5,20.9,0.0
"2024-08-11",23.3,15.3,18.9,0.0
"2024-08-18",19.5,14.1,16.6,31.8
"2024-08-25",20.5,12.2,16.0,12.7
"2024-09-01",24.3,14.3,18.8,0.0
"2024-09-08",19.6,13.3,15.9,28.5
"2024-09-15",17.3,10.9,14.0,0.0
"2024-09-22",16.8,11.7,14.2,53.3
"2024-09-29",14.2,8.3,11.1,11.2
"2024-10-06",15.6,9.1,12.1,15.9
"2024-10-13",13.7,8.8,11.1,195.3
"2024-10-20",12.0,6.2,8.9,44.6
"2024-10-27",10.0,7.4,8.5,48.6
"2024-11-03",11.2,6.7,8.6,38.1
"2024-11-10",9.6,6.2,7.9,102.9
"2024-11-17",8.5,4.3,6.3,31.5
"2024-11-24",5.9,2.6,4.2,3.7
"2024-12-01",7.9,2.0,4.6,38.7
"2024-12-08",7.2,2.8,5.0,24.1
"2024-12-15",8.7,5.1,6.8,63.0
"2024-12-22",8.7,5.4,7.2,69.1
"2024-12-29",5.9,2.4,4.4,30.9
"2025-01-05",7.2,2.1,4.7,12.2
"2025-01-12",6.1,-0.1,2.6,0.4
"2025-01-19",3.9,-2.5,0.3,0.0
"2025-01-26",5.3,-1.6,1.3,32.8
"2025-02-02",0.8,-3.7,-1.7,1.7
"2025-02-09",2.9,-3.6,-0.7,3.7
"2025-02-16",8.2,4.9,6.4,67.0
"2025-02-23",12.2,5.3,8.3,50.0
"2025-03-02",9.6,4.0,6.5,43.7
"2025-03-09",7.9,3.3,5.5,30.5
"2025-03-16",8.9,3.3,5.9,17.2
"2025-03-23",12.4,7.4,9.5,64.4
"2025-03-30",12.6,4.9,8.7,2.6
"2025-04-06",11.9,6.6,9.2,30.7
"2025-04-13",15.3,5.5,10.5,0.0
"2025-04-20",16.5,6.5,11.2,0.0
"2025-04-27",16.4,8.2,11.9,9.6
"2025-05-04",17.7,7.7,13.0,1.1
"2025-05-11",15.6,8.9,11.9,16.5
"2025-05-18",16.6,8.6,12.3,13.4
"2025-05-25",19.9,11.3,15.4,26.3
"2025-06-01",20.4,11.5,15.8,0.0
"2025-06-08",20.6,12.9,16.5,0.0
"2025-06-15",20.1,10.7,15.3,7.3
"2025-06-22",19.1,12.6,15.7,1.2
"2025-06-29",23.9,13.1,18.5,0.0
"2025-07-06",24.6,14.5,19.3,3.6
"2025-07-13",26.0,15.9,20.6,0.0
"2025-07-20",24.2,13.7,18.8,0.0
"2025-07-27",26.4,14.5,20.3,0.0
"2025-08-03",22.1,14.3,18.0,7.6
"2025-08-10",24.3,16.5,20.1,47.0
"2025-08-17",23.1,14.1,18.2,0.0
"2025-08-24",26.7,16.6,21.1,0.0
"2025-08-31",23.6,15.5,19.2,0.4
"2025-09-07",21.6,14.6,17.5,0.0
"2025-09-14",20.2,12.8,16.3,13.0
"2025-09-21",17.5,11.4,14.1,23.8
"2025-09-28",16.5,11.7,13.8,34.5
"2025-10-05",14.1,8.6,11.1,11.6
"2025-10-12",11.8,5.2,8.5,29.5
"2025-10-19",12.1,7.4,9.9,29.9
"2025-10-26",10.9,5.7,8.1,84.6
"2025-11-02",11.4,5.6,8.4,37.5
"2025-11-09",11.3,5.5,8.5,64.0
"2025-11-16",10.0,5.8,7.7,32.5
"2025-11-23",7.5,3.6,5.5,15.2
"2025-11-30",7.2,3.8,5.2,24.8
"2025-12-07",9.9,6.9,8.3,99.3
"2025-12-14",9.1,5.7,7.3,106.6
"2025-12-21",5.3,2.1,3.6,42.6
"2025-12-28",2.7,-0.2,1.0,0.0
