date,insulated_jacket,base_layer,winter_gloves,wool_socks,beanie,isPartial
2021-12-26,9,15,21,14,55,False
2022-01-02,0,10,7,6,42,False
2022-01-09,6,5,4,6,33,False
2022-01-16,5,4,0,4,28,False
2022-01-23,3,6,0,0,22,False
2022-01-30,0,3,0,0,22,False
2022-02-06,0,5,0,0,24,False
2022-02-13,3,4,0,0,19,False
2022-02-20,0,4,0,0,27,False
2022-02-27,0,5,0,3,25,False
2022-03-06,0,4,0,3,15,False
2022-03-13,0,0,0,4,17,False
2022-03-20,5,4,0,3,17,False
2022-03-27,0,0,0,0,15,False
2022-04-03,0,2,0,0,17,False
2022-04-10,3,3,0,0,17,False
2022-04-17,3,4,0,0,17,False
2022-04-24,3,0,0,0,18,False
2022-05-01,0,0,0,0,15,False
2022-05-08,0,4,0,0,14,False
2022-05-15,0,0,0,4,15,False
2022-05-22,0,0,0,0,12,False
2022-05-29,0,3,0,0,14,False
2022-06-05,0,0,0,0,12,False
2022-06-12,0,0,0,0,14,False
2022-06-19,0,0,0,0,15,False
2022-06-26,0,0,0,0,12,False
2022-07-03,0,0,0,0,12,False
2022-07-10,0,0,0,0,23,False
2022-07-17,0,0,0,0,15,False
2022-07-24,0,0,0,0,14,False
2022-07-31,0,3,0,0,17,False
2022-08-07,0,0,0,0,12,False
2022-08-14,0,0,0,0,12,False
2022-08-21,0,0,0,0,12,False
2022-08-28,0,0,0,0,16,False
2022-09-04,0,4,0,0,16,False
2022-09-11,0,3,0,0,21,False
2022-09-18,0,3,4,3,17,False
2022-09-25,0,0,0,0,19,False
2022-10-02,5,3,0,0,19,False
2022-10-09,0,4,4,0,21,False
2022-10-16,0,4,3,3,25,False
2022-10-23,8,7,4,9,34,False
2022-10-30,10,10,9,5,36,False
2022-11-06,8,15,14,11,43,False
2022-11-13,8,13,10,8,38,False
2022-11-20,9,14,9,11,43,False
2022-11-27,7,15,16,11,52,False
2022-12-04,5,10,10,10,43,False
2022-12-11,5,11,6,6,47,False
2022-12-18,6,12,18,10,50,False
2022-12-25,6,12,5,0,45,False
2023-01-01,3,7,3,4,26,False
2023-01-08,5,4,0,3,29,False
2023-01-15,4,4,0,3,25,False
2023-01-22,4,7,0,4,26,False
2023-01-29,4,6,0,0,25,False
2023-02-05,5,6,0,0,24,False
2023-02-12,4,5,0,0,25,False
2023-02-19,4,6,4,3,27,False
2023-02-26,4,4,0,0,27,False
2023-03-05,3,3,0,0,22,False
2023-03-12,3,3,0,0,19,False
2023-03-19,0,0,0,0,18,False
2023-03-26,0,0,0,0,19,False
2023-04-02,0,4,0,0,19,False
2023-04-09,0,3,0,0,21,False
2023-04-16,0,0,0,0,15,False
2023-04-23,0,0,0,0,15,False
2023-04-30,0,0,0,0,13,False
2023-05-07,0,0,0,0,12,False
2023-05-14,0,0,0,0,16,False
2023-05-21,0,0,0,0,11,False
2023-05-28,0,3,0,0,15,False
2023-06-04,0,0,0,3,10,False
2023-06-11,0,0,0,3,12,False
2023-06-18,0,3,0,0,12,False
2023-06-25,0,3,0,0,14,False
2023-07-02,0,0,0,0,14,False
2023-07-09,0,0,0,0,16,False
2023-07-16,0,0,0,0,19,False
2023-07-23,0,0,0,0,26,False
2023-07-30,0,0,0,0,39,False
2023-08-06,0,0,0,0,21,False
2023-08-13,0,0,0,0,21,False
2023-08-20,4,4,0,0,19,False
2023-08-27,0,4,0,0,17,False
2023-09-03,0,4,0,0,19,False
2023-09-10,3,3,0,4,23,False
2023-09-17,3,4,0,0,22,False
2023-09-24,5,7,4,3,28,False
2023-10-01,4,3,0,4,27,False
2023-10-08,5,6,4,5,26,False
2023-10-15,6,6,0,4,26,False
2023-10-22,9,12,6,5,32,False
2023-10-29,7,10,9,7,33,False
2023-11-05,8,7,4,6,35,False
2023-11-12,6,10,6,7,39,False
2023-11-19,11,13,8,9,44,False
2023-11-26,10,13,10,11,48,False
2023-12-03,5,8,6,9,46,False
2023-12-10,7,10,5,8,46,False
2023-12-17,6,8,4,5,45,False
2023-12-24,10,10,0,9,40,False
2023-12-31,6,6,0,5,34,False
2024-01-07,8,10,10,5,36,False
2024-01-14,7,9,11,8,43,False
2024-01-21,5,0,4,5,28,False
2024-01-28,6,5,0,0,19,False
2024-02-04,3,3,0,0,22,False
2024-02-11,4,0,0,0,22,False
2024-02-18,0,4,0,0,20,False
2024-02-25,3,5,0,0,20,False
2024-03-03,4,4,0,5,20,False
2024-03-10,0,5,0,0,15,False
2024-03-17,3,0,0,0,20,False
2024-03-24,0,0,0,0,14,False
2024-03-31,0,4,0,0,13,False
2024-04-07,4,0,0,0,13,False
2024-04-14,0,0,0,0,11,False
2024-04-21,0,3,0,0,14,False
2024-04-28,0,0,0,0,12,False
2024-05-05,0,0,0,0,9,False
2024-05-12,0,0,0,0,11,False
2024-05-19,0,0,0,0,12,False
2024-05-26,0,0,0,0,10,False
2024-06-02,0,4,0,0,10,False
2024-06-09,0,0,0,0,11,False
2024-06-16,0,0,0,0,10,False
2024-06-23,0,3,0,0,10,False
2024-06-30,0,3,0,0,8,False
2024-07-07,0,0,0,0,11,False
2024-07-14,0,0,0,0,11,False
2024-07-21,0,0,0,0,9,False
2024-07-28,0,0,0,0,13,False
2024-08-04,0,0,0,4,11,False
2024-08-11,0,0,0,0,17,False
2024-08-18,3,5,0,0,19,False
2024-08-25,0,4,0,5,17,False
2024-09-01,0,4,0,0,14,False
2024-09-08,6,0,0,0,18,False
2024-09-15,3,5,0,4,14,False
2024-09-22,6,7,0,0,23,False
2024-09-29,8,7,0,5,23,False
2024-10-06,5,8,0,3,31,False
2024-10-13,6,9,4,0,29,False
2024-10-20,8,8,4,4,37,False
2024-10-27,7,8,7,7,36,False
2024-11-03,8,7,5,8,35,False
2024-11-10,9,7,4,8,37,False
2024-11-17,12,12,10,11,47,False
2024-11-24,13,16,13,9,56,False
2024-12-01,9,17,9,11,45,False
2024-12-08,7,8,5,10,54,False
2024-12-15,10,11,5,7,53,False
2024-12-22,11,10,0,11,50,False
2024-12-29,8,10,4,0,38,False
2025-01-05,3,10,0,6,36,False
2025-01-12,7,9,0,5,33,False
2025-01-19,4,9,5,3,40,False
2025-01-26,5,11,0,0,29,False
2025-02-02,8,9,9,7,38,False
2025-02-09,6,10,6,6,36,False
2025-02-16,10,7,0,0,30,False
2025-02-23,5,0,0,0,22,False
2025-03-02,0,3,0,0,19,False
2025-03-09,4,0,0,0,19,False
2025-03-16,6,4,0,0,21,False
2025-03-23,3,0,0,0,17,False
2025-03-30,0,4,0,0,19,False
2025-04-06,0,4,0,0,15,False
2025-04-13,0,5,0,6,10,False
2025-04-20,0,0,0,0,14,False
2025-04-27,0,3,0,4,12,False
2025-05-04,0,0,0,0,13,False
2025-05-11,0,0,0,3,13,False
2025-05-18,0,0,0,0,13,False
2025-05-25,0,0,0,0,15,False
2025-06-01,0,3,0,0,13,False
2025-06-08,0,0,0,0,15,False
2025-06-15,0,0,0,0,13,False
2025-06-22,0,0,0,0,16,False
2025-06-29,0,0,0,0,14,False
2025-07-06,0,0,0,0,14,False
2025-07-13,0,0,0,0,12,False
2025-07-20,0,0,0,0,13,False
2025-07-27,0,3,0,0,15,False
2025-08-03,0,3,0,0,14,False
2025-08-10,0,4,0,0,18,False
2025-08-17,0,0,0,3,16,False
2025-08-24,0,4,0,0,18,False
2025-08-31,3,6,0,4,19,False
2025-09-07,4,4,0,5,19,False
2025-09-14,0,6,0,0,43,False
2025-09-21,3,6,0,5,100,False
2025-09-28,6,9,0,5,48,False
2025-10-05,5,3,0,3,42,False
2025-10-12,10,10,5,9,47,False
2025-10-19,9,8,3,6,43,False
2025-10-26,9,7,5,4,49,False
2025-11-02,8,12,7,8,39,False
2025-11-09,10,11,6,12,59,False
2025-11-16,13,12,0,9,49,False
2025-11-23,23,16,8,14,63,False
2025-11-30,12,16,12,14,63,False
2025-12-07,12,11,7,12,58,False
2025-12-14,12,14,10,13,60,False
2025-12-21,16,14,8,9,62,False
2025-12-28,14,19,8,8,60,False
